cpu,ram,swap,disk
7.4,67.5,85.4,67.0
8.2,67.5,85.4,67.0
7.3,67.5,85.4,67.0
10.3,67.5,85.4,67.0
23.1,67.5,85.4,67.0
30.1,67.8,85.4,67.0
8.5,67.8,86.7,67.0
13.1,67.2,86.7,67.0
13.1,67.1,86.7,67.0
61.5,67.1,86.7,67.0
12.9,67.1,86.7,67.0
19.2,67.1,86.7,67.0
5.1,67.5,86.7,67.0
10.5,67.4,86.7,67.0
11.3,66.8,86.7,67.0
15.2,64.9,86.7,67.0
13.3,64.9,86.7,67.0
9.8,64.9,86.7,67.0
16.8,64.9,86.7,67.0
6.2,65.7,86.7,67.0
13.5,65.4,86.2,67.0
5.0,65.3,86.2,67.0
7.6,65.3,86.2,67.0
7.4,65.2,86.2,67.0
11.1,65.0,86.2,67.0
3.7,65.0,86.2,67.0
10.0,63.9,86.2,67.0
43.2,63.9,86.2,67.0
39.8,64.1,86.2,67.0
31.6,64.1,86.2,67.0
24.1,64.1,86.2,67.0
21.2,64.1,86.2,67.0
7.4,64.2,86.2,67.0
12.2,64.2,86.2,67.0
10.0,64.2,86.2,67.0
9.8,64.2,86.2,67.0
26.5,63.9,86.2,67.0
12.5,64.3,86.2,67.0
29.5,64.1,86.2,67.0
18.1,64.1,86.2,67.0
6.1,64.1,86.2,67.0
11.4,64.1,86.2,67.0
11.6,64.1,86.2,67.0
11.3,64.1,86.2,67.0
12.2,64.1,86.2,67.0
8.7,64.1,86.2,67.0
16.9,64.0,86.2,67.0
9.6,63.8,86.2,67.0
3.8,63.8,86.2,67.0
34.9,63.8,86.2,67.0
48.2,63.7,86.2,67.0
25.6,63.7,86.2,67.0
32.9,63.7,86.2,67.0
67.9,63.7,86.2,67.0
49.4,63.7,86.2,67.0
19.0,63.7,86.2,67.0
20.2,63.7,86.2,67.0
9.6,63.7,86.2,67.0
14.1,63.7,86.2,67.0
7.2,63.7,86.2,67.0
8.3,63.6,86.2,67.0
10.8,63.6,86.2,67.0
8.1,63.6,86.2,67.0
6.3,63.7,86.2,67.0
10.5,63.7,86.2,67.0
11.5,63.4,86.2,67.0
9.8,63.4,86.2,67.0
19.8,63.4,86.2,67.0
6.4,63.4,86.2,67.0
14.3,63.4,86.2,67.0
11.1,63.4,86.2,67.0
7.7,63.4,86.2,67.0
6.0,63.4,86.2,67.0
8.9,63.6,86.2,67.0
5.9,63.6,86.2,67.0
7.0,63.6,86.2,67.0
3.8,63.6,86.2,67.0
6.3,63.6,86.2,67.0
4.9,63.2,86.2,67.0
5.0,63.2,86.2,67.0
5.9,63.2,86.2,67.0
5.0,63.0,86.2,67.0
5.0,63.0,86.2,67.0
9.8,63.0,86.2,67.0
2.5,63.0,86.2,67.0
9.6,63.0,86.2,67.0
5.9,63.0,86.2,67.0
5.1,63.0,86.2,67.0
8.4,63.0,86.2,67.0
8.1,63.0,86.2,67.0
6.9,63.0,86.2,67.0
2.4,63.1,86.2,67.0
4.8,63.1,86.2,67.0
8.2,63.1,86.2,67.0
5.1,63.1,86.2,67.0
6.7,63.1,86.2,67.0
6.3,63.1,86.2,67.0
10.1,63.1,86.2,67.0
40.7,63.3,86.2,67.0
16.5,63.3,86.2,67.0
6.0,63.3,86.2,67.0
12.9,63.3,86.2,67.0
3.7,63.3,86.2,67.0
8.4,63.3,86.2,67.0
7.3,63.3,86.2,67.0
12.0,63.3,86.2,67.0
8.3,63.3,86.2,67.0
11.1,63.3,86.2,67.0
11.1,63.3,86.2,67.0
13.6,63.3,86.2,67.0
13.0,63.5,86.2,67.0
17.8,63.5,86.2,67.0
13.4,63.5,86.2,67.0
8.4,63.3,86.2,67.0
20.5,63.4,86.2,67.0
12.5,63.5,86.2,67.0
18.1,63.5,86.2,67.0
18.6,63.5,86.2,67.0
7.6,63.5,86.2,67.0
20.5,63.5,86.2,67.0
36.4,63.5,86.2,67.0
18.6,63.5,86.2,67.0
3.6,65.6,86.2,67.0
21.0,65.6,86.2,67.0
19.8,65.8,86.2,67.0
8.7,65.8,86.2,67.0
17.6,65.6,86.2,67.0
24.7,65.9,86.2,67.0
23.2,65.9,86.2,67.0
22.6,65.9,86.2,67.0
7.4,65.9,86.2,67.0
2.5,65.9,86.2,67.0
6.0,65.9,86.2,67.0
8.9,65.9,86.2,67.0
5.0,65.9,86.2,67.0
2.5,65.9,86.2,67.0
7.2,65.8,86.2,67.0
8.5,65.8,86.2,67.0
5.1,65.8,86.2,67.0
7.4,65.8,86.2,67.0
6.2,65.8,86.2,67.0
4.7,65.8,86.2,67.0
8.6,65.8,86.2,67.0
6.6,65.8,86.2,67.0
8.2,65.0,86.2,67.0
8.9,65.0,86.2,67.0
8.7,65.0,86.2,67.0
4.9,65.1,86.2,67.0
7.4,65.1,86.2,67.0
8.6,65.1,86.2,67.0
13.1,65.2,86.2,67.0
8.6,65.2,86.2,67.0
3.7,65.2,86.2,67.0
9.7,65.2,86.2,67.0
9.8,65.2,86.2,67.0
9.9,65.2,86.2,67.0
6.5,65.2,86.2,67.0
11.6,65.2,86.2,67.0
8.4,65.2,86.2,67.0
4.9,65.3,86.2,67.0
14.8,65.3,86.2,67.0
15.1,65.3,86.2,67.0
8.7,65.3,86.2,67.0
50.6,65.3,86.2,67.0
65.4,65.3,86.2,67.0
33.6,65.3,86.2,67.0
18.8,65.5,86.2,67.0
9.6,65.5,86.2,67.0
7.4,65.5,86.2,67.0
5.0,65.5,86.2,67.0
6.2,65.5,86.2,67.0
3.7,65.5,86.2,67.0
9.9,65.5,86.2,67.0
7.1,65.2,86.2,67.0
7.6,65.2,86.2,67.0
12.3,65.2,86.2,67.0
6.2,65.2,86.2,67.0
7.6,65.2,86.2,67.0
15.9,65.2,86.2,67.0
11.1,65.2,86.2,67.0
11.3,65.2,86.2,67.0
8.0,65.2,86.2,67.0
12.5,65.2,86.2,67.0
8.7,65.0,86.2,67.0
8.3,65.0,86.2,67.0
7.4,65.0,86.2,67.0
2.6,65.0,86.2,67.0
8.6,65.0,86.2,67.0
7.0,65.0,86.2,67.0
11.8,64.1,86.2,67.0
3.9,64.1,86.2,67.0
8.3,64.1,86.2,67.0
5.0,64.1,86.2,67.0
6.2,64.1,86.2,67.0
13.1,64.1,86.2,67.0
9.4,64.1,86.2,67.0
6.3,64.1,86.2,67.0
6.1,64.1,86.2,67.0
5.1,64.0,86.2,67.0
6.3,64.0,86.2,67.0
9.6,64.0,86.2,67.0
3.8,64.0,86.2,67.0
9.6,64.0,86.2,67.0
9.9,64.0,86.2,67.0
7.4,64.0,86.2,67.0
11.0,64.0,86.2,67.0
5.6,64.0,86.2,67.0
12.9,64.0,86.2,67.0
9.9,64.0,86.2,67.0
1.3,64.0,86.2,67.0
7.1,64.0,86.2,67.0
5.7,64.0,86.2,67.0
8.5,64.0,86.2,67.0
2.5,64.0,86.2,67.0
6.2,64.0,86.2,67.0
3.8,64.0,86.2,67.0
7.1,64.0,86.2,67.0
6.1,64.0,86.2,67.0
19.5,64.0,86.2,67.0
12.7,64.0,86.2,67.0
16.0,64.0,86.2,67.0
13.8,64.6,86.2,67.0
6.2,64.6,86.2,67.0
31.0,64.8,86.2,67.0
26.3,65.0,86.2,67.0
12.0,65.0,86.2,67.0
29.0,65.0,86.2,67.0
23.8,65.5,86.2,67.0
23.5,65.3,86.2,67.0
12.2,65.3,86.2,67.0
41.7,65.3,86.2,67.0
16.5,65.3,86.2,67.0
23.2,65.3,86.2,67.0
22.8,65.3,86.2,67.0
23.2,65.5,86.2,67.0
55.3,65.5,86.2,67.0
36.7,65.5,86.2,67.0
12.0,65.5,86.2,67.0
19.5,65.5,86.2,67.0
20.7,65.5,86.2,67.0
13.7,65.5,86.2,67.0
12.4,65.5,86.2,67.0
23.2,65.0,86.2,67.0
6.0,65.0,86.2,67.0
10.0,64.9,86.2,67.0
9.4,64.9,86.2,67.0
7.2,64.9,86.2,67.0
6.5,64.9,86.2,67.0
8.5,64.9,86.2,67.0
8.9,64.9,86.2,67.0
7.6,64.9,86.2,67.0
2.5,64.9,86.2,67.0
14.5,64.9,86.2,67.0
15.3,64.9,86.2,67.0
16.0,64.9,86.2,67.0
7.3,64.9,86.2,67.0
7.4,64.9,86.2,67.0
4.9,64.9,86.2,67.0
6.6,64.9,86.2,67.0
8.2,64.9,86.2,67.0
2.4,64.9,86.2,67.0
6.1,64.9,86.2,67.0
14.3,64.9,86.2,67.0
9.6,64.9,86.2,67.0
5.0,64.9,86.2,67.0
7.5,64.9,86.2,67.0
8.5,64.7,86.2,67.0
7.5,64.7,86.2,67.0
4.9,64.7,86.2,67.0
9.8,64.7,86.2,67.0
10.3,64.7,86.2,67.0
4.9,64.7,86.2,67.0
8.4,64.7,86.2,67.0
10.6,64.7,86.2,67.0
5.7,64.7,86.2,67.0
13.4,64.8,86.2,67.0
21.8,64.8,86.2,67.0
4.9,64.8,86.2,67.0
5.0,64.8,86.2,67.0
11.5,64.8,86.2,67.0
3.7,64.8,86.2,67.0
11.4,64.8,86.2,67.0
12.5,64.8,86.2,67.0
5.2,64.8,86.2,67.0
7.5,64.8,86.2,67.0
6.0,64.8,86.2,67.0
8.6,64.8,86.2,67.0
4.9,64.8,86.2,67.0
13.0,64.8,86.2,67.0
2.4,64.3,86.2,67.0
9.8,64.1,86.2,67.0
3.7,64.0,86.2,67.0
5.0,64.0,86.2,67.0
7.0,64.0,86.2,67.0
9.8,64.0,86.2,67.0
8.6,64.0,86.2,67.0
8.4,64.2,86.2,67.0
7.4,64.2,86.2,67.0
16.3,64.2,86.2,67.0
9.4,64.0,86.2,67.0
8.8,64.0,86.2,67.0
10.3,64.0,86.2,67.0
8.1,64.0,86.2,67.0
7.3,64.0,86.2,67.0
7.9,64.0,86.2,67.0
92.8,64.0,86.2,67.0
87.8,64.0,86.2,67.0
62.5,64.0,86.2,67.0
28.0,64.0,86.2,67.0
3.9,64.1,86.2,67.0
30.6,64.1,86.2,67.0
83.5,64.1,86.2,67.0
57.8,64.1,86.2,67.0
13.3,64.1,86.2,67.0
27.5,64.1,86.2,67.0
28.0,64.1,86.2,67.0
9.8,64.1,86.2,67.0
6.3,64.1,86.2,67.0
6.1,64.1,86.2,67.0
4.9,63.5,86.2,67.0
9.6,63.4,86.2,67.0
26.2,63.4,86.2,67.0
10.0,63.4,86.2,67.0
10.0,63.4,86.2,67.0
9.8,63.2,86.2,67.0
6.0,63.2,86.2,67.0
15.2,63.2,86.2,67.0
9.9,63.2,86.2,67.0
25.2,63.2,86.2,67.0
37.8,63.2,86.2,67.0
17.7,63.2,86.2,67.0
25.9,63.2,86.2,67.0
6.4,63.6,86.2,67.0
9.5,63.6,86.2,67.0
9.8,63.6,86.2,67.0
9.3,63.7,86.2,67.0
4.9,63.7,86.2,67.0
5.1,63.7,86.2,67.0
5.8,63.7,86.2,67.0
3.7,63.7,86.2,67.0
20.0,63.7,86.2,67.0
8.9,63.7,86.2,67.0
12.0,63.4,86.2,67.0
96.4,63.4,86.2,67.0
48.8,63.4,86.2,67.0
6.1,63.4,86.2,67.0
8.5,63.4,86.2,67.0
5.1,63.4,86.2,67.0
7.3,63.4,86.2,67.0
15.2,63.4,86.2,67.0
9.0,63.1,86.2,67.0
11.0,63.0,86.2,67.0
9.8,63.0,86.2,67.0
8.8,63.0,86.2,67.0
11.1,63.0,86.2,67.0
20.8,63.0,86.2,67.0
28.1,62.5,86.2,67.0
98.8,62.7,86.2,67.0
64.7,62.7,86.2,67.0
20.5,62.7,86.2,67.0
23.5,62.7,86.2,67.0
18.3,62.7,86.2,67.0
36.8,62.7,86.2,67.0
61.0,62.6,86.2,67.0
22.8,62.6,86.2,67.0
22.2,62.5,86.2,67.0
20.5,62.5,86.2,67.0
27.7,62.6,86.2,67.0
26.2,62.6,86.2,67.0
25.6,62.5,86.2,67.0
11.9,62.5,86.2,67.0
20.0,62.5,86.2,67.0
22.2,62.4,86.2,67.0
31.2,62.6,86.2,67.0
32.9,62.6,86.2,67.0
37.8,62.6,86.2,67.0
29.3,62.7,86.2,67.0
25.0,62.7,86.2,67.0
19.8,62.8,86.2,67.0
33.3,62.7,86.2,67.0
27.4,62.7,86.2,67.0
21.3,62.7,86.2,67.0
27.2,62.7,86.2,67.0
19.8,62.7,86.2,67.0
24.2,62.7,86.2,67.0
17.1,62.2,86.2,67.0
63.7,62.2,86.2,67.0
53.1,62.6,86.2,67.0
32.9,62.6,86.2,67.0
15.4,62.6,86.2,67.0
29.6,62.6,86.2,67.0
17.3,62.6,86.2,67.0
28.2,62.6,86.2,67.0
26.2,62.6,86.2,67.0
8.8,62.6,86.2,67.0
36.8,62.6,86.2,67.0
38.8,64.1,86.2,67.0
26.2,64.3,86.2,67.0
28.9,64.4,86.2,67.0
57.6,64.4,86.2,67.0
59.8,64.4,86.2,67.0
44.0,64.4,86.2,67.0
61.7,66.9,86.2,67.0
47.0,67.0,86.2,67.0
9.8,67.0,86.2,67.0
64.3,67.2,86.2,67.0
25.9,68.5,85.7,67.0
10.6,68.4,85.7,67.0
14.1,68.4,85.7,67.0
10.7,68.4,85.7,67.0
6.2,68.4,85.7,67.0
14.6,68.4,85.7,67.0
39.3,68.4,85.7,67.0
24.4,68.4,85.7,67.0
14.0,68.4,85.7,67.0
21.7,68.4,85.7,67.0
16.5,68.4,85.7,67.0
8.6,68.4,85.7,67.0
8.9,68.4,85.7,67.0
7.3,68.4,85.7,67.0
10.0,68.4,85.7,67.0
13.4,68.4,85.7,67.0
12.2,68.4,85.7,67.0
15.9,68.4,85.7,67.0
9.7,68.4,85.7,67.0
23.8,68.3,85.7,67.0
19.0,68.3,85.7,67.0
12.8,68.3,85.7,67.0
13.6,68.3,85.7,67.0
25.0,68.4,85.7,67.0
20.0,68.4,85.7,67.0
15.4,68.4,85.7,67.0
15.5,68.4,85.7,67.0
17.9,68.4,85.7,67.0
16.0,68.4,85.7,67.0
31.4,68.2,85.7,67.0
7.5,68.2,85.7,67.0
23.8,68.2,85.7,67.0
86.4,68.2,85.7,67.0
17.8,68.2,85.7,67.0
23.5,68.2,85.7,67.0
24.7,68.2,85.7,67.0
25.3,68.2,85.7,67.0
9.6,68.2,85.7,67.0
8.9,68.2,85.7,67.0
6.1,68.2,85.7,67.0
15.1,68.2,85.7,67.0
10.8,68.0,85.7,67.0
6.2,67.7,85.7,67.0
17.1,67.4,85.7,67.0
13.4,67.4,85.7,67.0
7.4,67.4,85.7,67.0
6.2,67.4,85.7,67.0
4.8,67.4,85.7,67.0
6.0,67.4,85.7,67.0
9.9,67.4,85.7,67.0
7.2,67.4,85.7,67.0
7.2,66.9,85.7,67.0
11.1,66.7,85.7,67.0
11.1,66.6,85.7,67.0
21.8,66.5,85.7,67.0
15.7,66.4,85.7,67.0
17.9,66.4,85.7,67.0
11.9,66.4,85.7,67.0
8.9,66.4,85.7,67.0
8.4,66.4,85.7,67.0
3.7,66.4,85.7,67.0
15.2,66.4,85.7,67.0
7.6,66.3,85.7,67.0
34.1,66.3,85.7,67.0
24.1,66.3,85.7,67.0
22.0,66.3,85.7,67.0
29.6,66.3,85.7,67.0
22.9,66.3,85.7,67.0
20.7,66.3,85.7,67.0
18.7,66.3,85.7,67.0
10.2,66.3,85.7,67.0
74.7,66.3,85.7,67.0
8.5,66.3,85.7,67.0
8.2,65.3,85.7,67.0
7.1,65.3,85.7,67.0
6.3,65.3,85.7,67.0
6.1,65.3,85.7,67.0
8.5,65.3,85.7,67.0
6.0,65.3,85.7,67.0
6.4,65.3,85.7,67.0
5.0,65.2,85.7,67.0
5.8,65.2,85.7,67.0
9.9,65.1,85.7,67.0
6.1,65.1,85.7,67.0
4.9,65.1,85.7,67.0
7.7,65.1,85.7,67.0
7.4,65.1,85.7,67.0
8.4,65.1,85.7,67.0
6.0,65.1,85.7,67.0
7.5,65.1,85.7,67.0
7.1,65.1,85.7,67.0
6.4,65.1,85.7,67.0
6.7,65.1,85.7,67.0
8.1,65.1,85.7,67.0
6.3,65.1,85.7,67.0
15.3,65.1,85.7,67.0
4.8,65.1,85.7,67.0
6.0,65.1,85.7,67.0
13.1,65.1,85.7,67.0
5.1,65.1,85.7,67.0
8.6,65.1,85.7,67.0
10.6,65.1,85.7,67.0
12.3,65.1,85.7,67.0
6.2,65.1,85.7,67.0
25.0,65.1,85.7,67.0
16.3,65.1,85.7,67.0
11.6,65.1,85.7,67.0
14.5,65.1,85.7,67.0
31.0,65.2,85.7,67.0
24.1,65.3,85.7,67.0
15.3,65.3,85.7,67.0
12.5,65.3,85.7,67.0
5.0,65.2,85.7,67.0
11.8,65.2,85.7,67.0
3.9,65.2,85.7,67.0
7.2,65.2,85.7,67.0
6.0,65.2,85.7,67.0
3.8,65.2,85.7,67.0
13.7,65.2,85.7,67.0
8.6,65.2,85.7,67.0
8.4,65.1,85.7,67.0
6.7,65.2,85.7,67.0
6.1,65.1,85.7,67.0
11.1,65.1,85.7,67.0
13.1,65.1,85.7,67.0
20.0,65.0,85.7,67.0
11.3,65.0,85.7,67.0
16.9,65.0,85.7,67.0
38.0,65.0,85.7,67.0
45.7,64.9,85.7,67.0
27.8,64.9,85.7,67.0
13.1,64.9,85.7,67.0
30.0,65.0,85.7,67.0
29.1,64.5,85.7,67.0
53.0,64.5,85.2,67.0
17.5,64.5,85.2,67.0
12.0,64.5,85.2,67.0
14.6,64.5,85.2,67.0
9.6,64.5,85.2,67.0
9.8,64.6,85.2,67.0
5.1,64.6,85.2,67.0
11.8,64.6,85.2,67.0
63.0,64.6,85.2,67.0
7.5,64.6,85.2,67.0
9.9,64.6,85.2,67.0
7.6,64.6,85.2,67.0
14.3,64.6,85.2,67.0
7.4,64.6,85.2,67.0
8.8,64.6,85.2,67.0
8.6,64.6,85.2,67.0
6.3,64.6,85.2,67.0
14.3,64.6,85.2,67.0
9.6,64.6,85.2,67.0
8.9,64.6,85.2,67.0
10.8,64.6,85.2,67.0
2.5,64.6,85.2,67.0
8.3,64.6,85.2,67.0
8.3,64.6,85.2,67.0
10.4,64.6,85.2,67.0
14.0,64.6,85.2,67.0
10.8,64.6,85.2,67.0
12.8,64.6,85.2,67.0
6.2,64.6,85.2,67.0
9.5,64.6,85.2,67.0
2.6,64.6,85.2,67.0
10.7,64.6,85.2,67.0
6.1,64.7,85.2,67.0
12.0,64.7,85.2,67.0
5.0,64.7,85.2,67.0
12.0,64.7,85.2,67.0
22.0,64.9,85.2,67.0
28.0,64.9,85.2,67.0
7.5,64.9,85.2,67.0
6.1,64.9,85.2,67.0
10.8,64.9,85.2,67.0
8.8,64.9,85.2,67.0
39.5,64.9,85.2,67.0
31.0,64.7,85.2,67.0
13.0,64.7,85.2,67.0
5.7,64.7,85.2,67.0
8.7,64.7,85.2,67.0
13.9,64.7,85.2,67.0
10.8,64.7,85.2,67.0
5.1,64.7,85.2,67.0
14.0,64.7,85.2,67.0
7.2,64.7,85.2,67.0
12.8,64.7,85.2,67.0
17.4,64.8,85.2,67.0
19.8,64.8,85.2,67.0
21.4,64.8,85.2,67.0
21.7,64.8,85.2,67.0
17.3,64.8,85.2,67.0
13.5,64.8,85.2,67.0
11.0,64.8,85.2,67.0
6.3,64.8,85.2,67.0
8.3,64.8,84.7,67.0
5.1,64.8,84.7,67.0
21.2,64.8,84.7,67.0
10.3,64.8,84.7,67.0
8.8,64.8,84.7,67.0
14.1,64.8,84.7,67.0
20.7,64.9,84.7,67.0
6.3,64.9,84.7,67.0
18.8,64.9,84.7,67.0
20.7,64.9,84.7,67.0
34.2,64.9,84.7,67.0
80.7,64.9,84.7,67.0
34.3,64.9,84.7,67.0
18.1,65.1,84.7,67.0
23.1,65.1,84.7,67.0
18.8,65.1,84.7,67.0
9.8,65.1,84.7,67.0
6.3,65.1,84.7,67.0
9.8,65.1,84.7,67.0
6.2,65.1,84.7,67.0
7.3,65.1,84.7,67.0
15.9,65.2,84.7,67.0
8.6,65.2,84.7,67.0
6.2,65.2,84.7,67.0
4.9,65.2,84.7,67.0
9.1,65.2,84.7,67.0
5.1,65.2,84.7,67.0
7.5,65.2,84.7,67.0
14.3,65.2,84.7,67.0
7.7,65.2,84.7,67.0
10.0,65.2,84.7,67.0
8.5,65.2,84.7,67.0
5.1,65.2,84.7,67.0
3.7,65.2,84.7,67.0
9.8,65.2,84.7,67.0
6.0,65.2,84.7,67.0
5.7,65.2,84.7,67.0
6.1,65.2,84.7,67.0
5.1,65.2,84.7,67.0
3.7,65.2,84.7,67.0
12.2,65.2,84.7,67.0
6.2,65.2,84.7,67.0
9.0,65.2,84.7,67.0
8.6,65.2,84.7,67.0
6.3,65.1,84.7,67.0
8.4,65.1,84.7,67.0
6.3,65.1,84.7,67.0
6.8,65.1,84.7,67.0
8.3,65.0,84.7,67.0
9.0,65.0,84.7,67.0
11.1,65.0,84.7,67.0
12.7,65.0,84.7,67.0
8.4,65.0,84.7,67.0
8.5,65.0,84.7,67.0
7.5,65.1,84.7,67.0
7.2,65.1,84.7,67.0
19.3,65.1,84.7,67.0
18.8,65.2,84.7,67.0
17.5,65.7,84.7,67.0
9.6,65.6,84.7,67.0
7.3,65.6,84.7,67.0
5.1,65.6,84.7,67.0
36.0,65.6,84.7,67.0
59.3,65.6,84.7,67.0
14.5,65.6,84.7,67.0
15.9,65.6,84.7,67.0
19.8,65.4,84.7,67.0
20.9,65.4,84.7,67.0
8.9,65.4,84.7,67.0
8.4,65.4,84.7,67.0
8.9,65.4,84.7,67.0
8.3,65.4,84.7,67.0
14.5,65.4,84.7,67.0
3.8,65.4,84.7,67.0
8.6,65.4,84.7,67.0
16.2,65.4,84.7,67.0
10.5,65.4,84.7,67.0
5.0,65.4,84.7,67.0
7.6,65.4,84.7,67.0
9.8,65.4,84.7,67.0
13.4,65.4,84.7,67.0
7.5,65.4,84.7,67.0
10.5,65.4,84.7,67.0
8.4,65.4,84.7,67.0
9.9,65.4,84.7,67.0
8.9,65.4,84.7,67.0
11.8,65.4,84.7,67.0
16.9,65.4,84.7,67.0
24.7,65.4,84.1,67.0
35.0,65.4,83.6,67.0
50.0,65.4,83.6,67.0
39.4,65.4,83.6,67.0
26.8,65.4,83.6,67.0
25.9,65.4,83.6,67.0
15.7,65.4,83.6,67.0
34.6,65.5,83.6,67.0
31.3,65.5,83.6,67.0
35.8,65.5,83.6,67.0
58.1,65.5,83.6,67.0
58.5,65.5,83.6,67.0
45.4,65.5,83.6,67.0
67.5,65.6,83.6,67.0
89.3,65.0,83.6,67.0
51.2,65.0,83.6,67.0
36.9,65.0,83.1,67.0
66.7,65.8,83.1,67.0
42.4,65.8,83.1,67.0
60.0,64.0,83.1,67.0
44.7,64.0,83.1,67.0
58.7,64.0,83.1,67.0
35.7,64.0,83.1,67.0
39.1,64.0,83.1,67.0
43.2,64.5,83.1,67.0
73.2,64.6,82.6,67.0
84.0,64.6,82.6,67.0
53.8,64.6,82.6,67.0
84.0,64.6,82.6,67.0
44.0,64.6,82.6,67.0
32.1,64.6,82.6,67.0
26.8,64.6,82.6,67.0
42.0,64.6,82.6,67.0
45.7,64.6,82.6,67.0
56.8,64.4,82.6,67.0
58.3,64.5,82.6,67.0
32.1,64.5,82.6,67.0
56.1,64.5,82.6,67.0
87.2,64.4,82.6,67.0
86.9,64.4,82.6,67.0
60.8,64.4,82.6,67.0
24.1,64.4,82.6,67.0
26.5,64.4,82.6,67.0
22.0,64.4,82.6,67.0
20.7,64.4,82.6,67.0
25.9,64.4,82.6,67.0
30.6,64.5,82.6,67.0
16.0,64.5,82.6,67.0
51.1,64.5,82.6,67.0
44.4,64.6,82.6,67.0
36.3,64.6,82.6,67.0
29.8,64.6,82.6,67.0
40.0,64.6,82.6,67.0
16.0,64.6,82.6,67.0
29.1,64.6,82.6,67.0
25.6,64.6,82.6,67.0
6.9,64.6,82.6,67.0
13.6,64.5,82.6,67.0
6.2,64.5,82.6,67.0
8.5,64.5,82.6,67.0
4.9,64.5,82.6,67.0
6.3,64.5,82.6,67.0
10.8,64.5,82.6,67.0
9.2,64.5,82.6,67.0
22.7,64.5,82.6,67.0
7.5,64.6,82.6,67.0
7.1,64.6,82.6,67.0
14.8,64.6,82.6,67.0
20.7,64.6,82.6,67.0
13.9,64.6,82.6,67.0
6.2,64.6,82.6,67.0
9.5,64.6,82.6,67.0
33.3,64.6,82.6,67.0
6.2,64.6,82.6,67.0
3.7,64.6,82.6,67.0
12.3,64.6,82.6,67.0
7.4,64.6,82.6,67.0
9.6,64.6,82.6,67.0
2.5,64.6,82.6,67.0
12.5,64.6,82.6,67.0
35.5,64.6,82.6,67.0
36.7,64.7,82.6,67.0
32.9,64.7,82.6,67.0
47.7,64.7,82.6,67.0
27.4,64.7,82.6,67.0
22.8,64.7,82.6,67.0
35.9,64.7,82.6,67.0
12.3,64.7,82.6,67.0
10.7,64.7,82.6,67.0
16.6,64.7,82.6,67.0
24.7,64.8,82.6,67.0
20.7,64.8,82.6,67.0
5.1,64.8,82.6,67.0
13.1,64.8,82.6,67.0
9.9,64.8,82.6,67.0
11.6,64.8,82.6,67.0
8.9,64.8,82.6,67.0
9.7,64.8,82.6,67.0
18.5,64.9,82.6,67.0
3.7,64.8,82.6,67.0
8.6,64.8,82.6,67.0
11.6,64.8,82.6,67.0
14.6,64.7,82.6,67.0
13.6,64.7,82.6,67.0
46.3,64.7,82.6,67.0
29.3,64.7,82.6,67.0
46.9,64.7,82.6,67.0
21.0,64.7,82.6,67.0
16.9,64.7,82.6,67.0
56.0,64.7,82.6,67.0
93.6,64.7,82.6,67.0
95.2,64.7,82.6,67.0
85.7,64.9,82.6,67.0
20.3,64.9,82.6,67.0
11.0,64.9,82.6,67.0
36.4,65.0,82.6,67.0
49.4,65.0,82.6,67.0
35.3,65.0,82.6,67.0
11.1,65.0,82.6,67.0
8.9,65.0,82.6,67.0
7.4,65.0,82.6,67.0
78.4,65.0,82.6,67.0
30.4,65.0,82.6,67.0
10.1,65.0,82.6,67.0
27.6,65.0,82.6,67.0
2.6,65.3,82.6,67.0
15.7,65.3,82.6,67.0
8.9,65.3,82.6,67.0
17.4,65.3,82.6,67.0
8.6,65.3,82.6,67.0
6.1,65.3,82.6,67.0
4.9,65.3,82.6,67.0
8.3,65.3,82.6,67.0
20.9,65.3,81.6,67.0
13.4,65.7,81.6,67.0
11.0,65.7,81.6,67.0
19.5,65.7,81.6,67.0
14.8,65.5,81.6,67.0
11.4,65.5,81.6,67.0
10.1,65.5,81.6,67.0
8.5,64.9,81.6,67.0
8.6,64.8,81.6,67.0
7.3,64.8,81.6,67.0
9.6,64.8,81.6,67.0
7.5,64.8,81.6,67.0
8.0,64.8,81.0,67.0
7.6,64.8,81.0,67.0
13.0,65.1,81.0,67.0
19.0,65.3,81.0,67.0
11.0,65.3,81.0,67.0
6.2,65.3,81.0,67.0
8.6,65.3,81.0,67.0
7.4,65.3,81.0,67.0
12.2,65.3,81.0,67.0
31.8,66.0,81.0,67.0
38.8,66.4,81.0,67.0
32.9,66.6,81.0,67.0
26.6,66.7,81.0,67.0
54.2,66.7,81.0,67.0
58.1,66.7,81.1,67.0
52.4,66.7,82.1,67.0
17.5,66.7,83.7,67.0
12.3,66.7,84.1,67.0
22.2,66.7,84.1,67.0
28.4,66.7,84.1,67.0
15.9,66.7,84.1,67.0
16.4,66.7,84.1,67.0
32.9,66.8,84.1,67.0
82.7,66.8,84.1,67.0
42.5,66.8,84.1,67.0
33.8,66.8,84.1,67.0
55.2,66.8,84.1,67.0
31.7,66.8,84.1,67.0
12.3,67.0,84.1,67.0
15.1,67.0,84.1,67.0
28.4,67.0,84.2,67.0
9.0,67.5,84.5,67.0
15.9,67.2,85.4,67.0
8.9,67.2,85.5,67.0
9.8,67.2,85.5,67.0
16.1,67.2,85.5,67.0
11.4,67.1,85.5,67.0
10.8,67.1,85.5,67.0
8.3,67.1,85.5,67.0
7.7,67.1,85.5,67.0
9.8,67.1,85.5,67.0
14.1,67.1,85.5,67.0
26.2,67.1,85.5,67.0
9.3,67.1,85.5,67.0
14.4,67.1,85.5,67.0
18.4,66.8,85.5,67.0
10.0,66.8,85.5,67.0
14.7,66.7,85.5,67.0
8.8,66.7,85.5,67.0
5.1,66.7,85.5,67.0
5.9,66.7,85.5,67.0
2.4,66.7,85.5,67.0
13.1,66.7,85.5,67.0
11.0,66.7,85.5,67.0
7.8,66.7,85.5,67.0
24.1,66.2,85.5,67.0
23.7,66.4,85.5,67.0
26.0,66.4,85.5,67.0
22.9,66.9,85.5,67.0
13.6,66.9,85.5,67.0
11.0,66.9,85.5,67.0
8.3,66.9,85.5,67.0
8.5,66.9,85.5,67.0
9.9,66.9,85.5,67.0
8.5,66.9,85.5,67.0
8.6,66.9,85.5,67.0
9.8,66.9,85.5,67.0
7.1,66.8,85.5,67.0
9.1,66.8,85.5,67.0
11.9,66.2,85.5,67.0
9.9,66.2,85.5,67.0
8.8,66.2,85.5,67.0
7.5,66.2,85.5,67.0
5.0,66.2,85.5,67.0
11.0,66.2,85.5,67.0
9.5,66.2,85.5,67.0
9.8,66.2,85.5,67.0
9.4,66.2,85.5,67.0
10.6,66.2,85.5,67.0
11.4,66.2,85.5,67.0
6.7,66.2,85.5,67.0
8.2,66.2,85.5,67.0
8.9,66.1,85.5,67.0
7.5,66.1,85.5,67.0
9.6,65.9,85.5,67.0
7.3,65.9,85.5,67.0
6.3,65.9,85.5,67.0
13.4,65.9,85.0,67.0
5.7,65.9,85.0,67.0
12.2,65.6,85.0,67.0
5.0,65.6,85.0,67.0
6.2,65.6,85.0,67.0
11.0,65.6,85.0,67.0
6.2,65.6,85.0,67.0
13.3,65.6,85.0,67.0
13.3,65.6,85.0,67.0
5.0,65.6,85.0,67.0
16.9,65.6,85.0,67.0
21.3,65.6,84.4,67.0
21.6,65.8,84.4,67.0
8.7,65.8,84.4,67.0
5.1,65.8,84.4,67.0
8.4,65.8,84.4,67.0
7.3,65.8,84.4,67.0
8.4,65.8,84.4,67.0
17.5,65.8,84.4,67.0
22.1,65.8,84.4,67.0
6.9,65.8,84.4,67.0
10.1,65.4,84.4,67.0
7.4,65.4,84.4,67.0
13.7,65.4,84.4,67.0
14.1,65.4,84.4,67.0
8.3,65.4,84.4,67.0
6.2,65.4,84.4,67.0
8.5,65.4,84.4,67.0
7.5,65.5,84.4,67.0
8.8,65.7,84.4,67.0
8.0,65.7,84.4,67.0
11.4,65.6,84.4,67.0
8.5,65.6,84.4,67.0
7.2,65.6,84.4,67.0
7.5,65.6,84.4,67.0
4.9,65.6,84.4,67.0
13.1,65.6,84.4,67.0
9.8,65.4,84.4,67.0
6.3,65.4,84.4,67.0
8.6,65.4,84.4,67.0
7.5,65.4,84.4,67.0
8.6,65.4,84.4,67.0
11.0,65.4,84.4,67.0
9.6,65.4,84.4,67.0
7.5,65.4,84.4,67.0
6.3,65.1,84.4,67.0
4.9,65.1,84.4,67.0
6.2,65.1,84.4,67.0
6.3,65.1,84.4,67.0
10.7,65.1,84.4,67.0
6.4,65.1,84.4,67.0
7.3,65.1,84.4,67.0
14.3,65.2,84.4,67.0
10.7,65.2,84.4,67.0
12.7,65.2,84.4,67.0
9.2,65.2,84.4,67.0
12.3,65.2,84.4,67.0
7.3,65.2,84.4,67.0
29.6,65.2,84.4,67.0
12.3,65.2,84.4,67.0
10.0,65.2,84.4,67.0
11.9,65.1,84.4,67.0
6.0,65.0,84.4,67.0
7.5,65.0,84.4,67.0
14.6,65.1,84.4,67.0
16.3,65.1,84.4,67.0
9.3,65.0,84.4,67.0
23.5,65.2,84.4,67.0
14.1,65.3,84.4,67.0
11.0,65.3,84.4,67.0
4.9,65.3,84.4,67.0
6.2,65.3,84.4,67.0
6.2,65.3,84.4,67.0
4.9,65.3,84.4,67.0
12.2,65.1,84.4,67.0
12.3,65.1,84.4,67.0
39.5,65.1,84.4,67.0
33.7,65.1,84.4,67.0
17.5,65.1,84.4,67.0
6.1,65.1,84.4,67.0
7.3,64.8,84.4,67.0
10.1,64.8,84.4,67.0
6.0,64.8,84.4,67.0
5.0,64.8,84.4,67.0
8.6,64.8,84.4,67.0
6.1,64.8,84.4,67.0
8.0,64.8,84.4,67.0
22.0,64.7,84.4,67.0
11.1,64.7,84.4,67.0
6.7,64.7,84.4,67.0
5.1,64.6,84.4,67.0
7.0,64.5,84.4,67.0
6.2,64.5,84.4,67.0
3.7,64.4,84.4,67.0
8.6,64.4,84.4,67.0
9.8,64.5,84.4,67.0
7.3,64.5,84.4,67.0
7.3,64.5,84.4,67.0
2.5,64.5,84.4,67.0
10.3,64.5,84.4,67.0
5.2,64.5,84.4,67.0
7.4,64.5,84.4,67.0
4.8,64.4,84.4,67.0
6.2,64.4,84.4,67.0
7.3,64.4,84.4,67.0
7.3,64.4,84.4,67.0
4.9,64.4,84.4,67.0
6.2,64.4,84.4,67.0
7.7,64.4,84.4,67.0
7.3,64.4,84.4,67.0
8.5,64.4,84.4,67.0
3.8,64.4,84.4,67.0
7.1,64.4,84.4,67.0
3.7,64.4,84.4,67.0
5.5,64.4,84.4,67.0
8.3,64.4,84.4,67.0
8.6,64.4,84.4,67.0
7.6,64.4,84.4,67.0
10.7,64.4,84.4,67.0
11.3,64.4,84.4,67.0
8.3,64.4,84.4,67.0
3.7,64.4,84.4,67.0
5.8,64.4,84.4,67.0
6.1,64.5,84.4,67.0
5.0,64.5,84.4,67.0
6.2,64.5,84.4,67.0
7.2,64.5,84.4,67.0
6.0,64.5,84.4,67.0
9.9,64.5,84.4,67.0
8.9,64.5,84.4,67.0
6.1,64.5,84.4,67.0
8.6,64.5,84.4,67.0
4.9,64.5,84.4,67.0
6.3,64.5,84.4,67.0
7.4,64.5,84.4,67.0
3.8,64.5,84.4,67.0
6.2,64.5,84.4,67.0
6.1,64.5,84.4,67.0
6.2,64.5,84.4,67.0
6.3,64.5,84.4,67.0
8.3,64.5,84.4,67.0
8.9,64.5,84.4,67.0
6.0,64.5,84.4,67.0
12.7,64.5,84.4,67.0
8.6,64.5,84.4,67.0
8.3,64.4,84.4,67.0
5.1,64.4,84.4,67.0
11.2,64.4,84.4,67.0
18.4,64.4,84.4,67.0
8.4,64.4,84.4,67.0
8.3,64.4,84.4,67.0
7.2,64.4,84.4,67.0
6.2,64.4,84.4,67.0
7.2,64.4,84.4,67.0
6.0,64.4,84.4,67.0
7.2,64.4,84.4,67.0
8.5,64.4,84.4,67.0
3.8,64.4,84.4,67.0
7.3,64.4,84.4,67.0
2.4,64.4,84.4,67.0
9.5,64.4,84.4,67.0
6.1,64.4,84.4,67.0
5.0,64.4,84.4,67.0
7.3,64.4,84.4,67.0
6.8,64.4,84.4,67.0
6.2,64.4,84.4,67.0
3.7,64.4,84.4,67.0
6.3,64.4,84.4,67.0
6.2,64.4,84.4,67.0
6.0,64.4,84.4,67.0
7.4,64.4,84.4,67.0
7.2,64.4,84.4,67.0
3.8,64.4,84.4,67.0
7.3,64.4,84.4,67.0
6.2,64.4,84.4,67.0
3.7,64.4,84.4,67.0
6.0,64.4,84.4,67.0
8.3,64.4,84.4,67.0
3.8,64.4,84.4,67.0
9.6,64.4,84.4,67.0
8.5,64.4,84.4,67.0
1.3,64.4,84.4,67.0
8.2,64.4,84.4,67.0
8.0,64.4,84.4,67.0
4.8,63.5,84.4,67.0
7.3,63.5,84.4,67.0
8.5,63.5,84.4,67.0
11.6,63.5,84.4,67.0
13.9,63.5,84.4,67.0
15.7,63.5,84.4,67.0
14.5,63.5,84.4,67.0
10.1,63.5,84.4,67.0
13.2,63.5,84.4,67.0
14.0,63.7,84.4,67.0
8.9,63.7,84.4,67.0
12.2,63.7,84.4,67.0
10.8,63.7,84.4,67.0
59.1,63.7,84.4,67.0
98.7,63.7,84.4,67.0
22.7,63.7,84.4,67.0
60.9,63.7,84.4,67.0
19.5,63.6,84.4,67.0
9.6,63.4,84.4,67.0
16.4,63.4,84.4,67.0
63.5,63.4,84.4,67.0
20.7,63.4,84.4,67.0
16.5,63.4,84.4,67.0
28.6,63.4,84.4,67.0
6.3,63.4,84.4,67.0
7.1,63.4,84.4,67.0
30.5,63.4,84.4,67.0
97.5,63.4,84.4,67.0
62.4,63.4,84.4,67.0
11.1,63.6,84.4,67.0
24.9,63.6,84.4,67.0
37.5,66.4,84.4,67.0
8.5,66.7,84.4,67.0
10.3,66.6,84.4,67.0
3.7,66.6,84.4,67.0
6.0,66.6,84.4,67.0
28.4,66.6,84.4,67.0
8.5,66.6,84.4,67.0
10.0,66.6,84.4,67.0
15.1,66.8,84.4,67.0
21.0,66.8,84.4,67.0
9.4,66.7,84.4,67.0
10.1,66.8,84.4,67.0
8.7,66.8,84.4,67.0
10.7,66.3,84.4,67.0
17.9,66.3,84.4,67.0
9.6,66.3,84.4,67.0
10.0,66.3,84.4,67.0
5.0,66.3,84.4,67.0
8.5,66.3,84.4,67.0
10.8,66.3,84.4,67.0
8.6,66.3,84.4,67.0
8.5,66.1,84.4,67.0
8.5,66.1,84.4,67.0
4.9,66.1,84.4,67.0
7.5,66.1,84.4,67.0
6.4,66.1,84.4,67.0
9.9,66.0,84.4,67.0
10.3,66.0,84.4,67.0
14.8,66.3,84.4,67.0
22.5,66.3,84.4,67.0
21.7,66.9,84.4,67.0
20.7,66.9,84.4,67.0
17.9,66.9,84.4,67.0
12.3,66.9,84.4,67.0
11.3,66.9,84.4,67.0
8.3,66.9,84.4,67.0
13.6,66.9,84.4,67.0
24.1,66.9,84.4,67.0
21.6,66.9,84.4,67.0
49.4,66.9,83.9,67.0
58.5,67.3,83.4,67.0
37.3,67.8,82.4,67.0
17.5,68.0,82.4,67.0
19.5,68.0,82.4,67.0
19.5,68.0,82.4,67.0
16.3,68.1,82.4,67.0
17.2,68.1,82.4,67.0
23.2,68.1,82.4,67.0
31.2,68.1,82.4,67.0
12.6,68.1,82.4,67.0
15.4,68.0,82.4,67.0
13.1,68.1,82.4,67.0
9.9,68.1,82.4,67.0
37.1,68.1,81.9,67.0
13.4,68.3,82.0,67.0
15.7,68.2,82.5,67.0
13.6,68.2,82.5,67.0
11.2,68.2,82.5,67.0
16.7,68.2,83.4,67.0
28.2,68.2,83.4,67.0
30.4,68.2,83.4,67.0
18.5,68.2,83.4,67.0
12.3,68.2,84.4,67.0
7.3,67.5,84.4,67.0
8.8,67.5,84.4,67.0
7.4,67.5,84.4,67.0
7.2,67.5,84.4,67.0
8.2,67.5,84.4,67.0
3.8,67.5,84.4,67.0
9.8,67.5,84.4,67.0
7.3,67.5,84.4,67.0
8.7,67.5,84.4,67.0
2.4,67.5,84.4,67.0
7.2,67.4,84.4,67.0
6.2,67.4,84.4,67.0
5.0,67.4,84.4,67.0
3.8,67.4,84.4,67.0
15.3,67.4,84.4,67.0
28.6,67.4,83.9,67.0
10.6,67.2,83.9,67.0
14.9,67.2,83.9,67.0
5.0,67.1,83.9,67.0
8.6,67.1,83.9,67.0
3.6,67.1,83.9,67.0
12.0,67.1,83.9,67.0
5.0,67.1,83.9,67.0
9.6,67.1,83.9,67.0
5.1,67.1,83.9,67.0
7.8,67.1,83.9,67.0
8.4,65.8,83.9,67.0
6.1,65.8,83.9,67.0
5.1,65.8,83.9,67.0
28.9,65.6,83.9,67.0
22.0,65.6,83.9,67.0
8.7,65.6,83.9,67.0
6.1,65.6,83.9,67.0
7.2,65.6,83.9,67.0
2.5,65.6,83.9,67.0
19.3,65.6,83.9,67.0
5.1,65.5,83.9,67.0
10.8,65.5,83.9,67.0
7.4,65.3,83.9,67.0
5.1,65.3,83.9,67.0
4.9,65.3,83.9,67.0
12.0,65.3,83.9,67.0
28.7,65.1,83.9,67.0
11.9,65.1,83.9,67.0
6.1,65.1,83.9,67.0
7.0,65.1,83.9,67.0
5.9,65.2,83.9,67.0
4.9,65.2,83.9,67.0
4.9,65.2,83.9,67.0
7.3,65.2,83.9,67.0
10.0,65.2,83.9,67.0
6.0,65.2,83.9,67.0
5.0,65.2,83.9,67.0
8.6,65.2,83.9,67.0
3.7,65.1,83.9,67.0
8.5,65.1,83.9,67.0
7.6,65.1,83.9,67.0
13.3,65.1,83.9,67.0
23.5,65.1,83.9,67.0
12.3,65.1,83.9,67.0
6.0,64.2,83.9,67.0
2.5,64.2,83.9,67.0
12.6,64.2,83.9,67.0
9.5,64.2,83.9,67.0
2.4,64.2,83.9,67.0
9.8,64.2,83.9,67.0
3.6,64.2,83.9,67.0
12.5,64.2,83.9,67.0
16.7,64.1,83.9,67.0
12.7,64.0,83.9,67.0
21.0,64.0,83.9,67.0
14.5,64.0,83.9,67.0
16.0,63.9,83.9,67.0
17.1,63.9,83.9,67.0
13.4,63.9,83.9,67.0
10.8,63.9,83.9,67.0
6.2,63.9,83.9,67.0
7.5,63.9,83.9,67.0
7.5,63.9,83.9,67.0
6.1,63.9,83.9,67.0
10.8,63.9,83.9,67.0
7.4,63.9,83.9,67.0
15.7,63.9,83.9,67.0
19.3,63.9,83.9,67.0
17.8,63.9,83.9,67.0
11.0,63.9,83.9,67.0
7.1,63.9,83.9,67.0
19.5,63.8,83.9,67.0
20.5,63.8,83.9,67.0
47.6,63.8,83.9,67.0
24.7,63.8,83.9,67.0
22.5,63.8,83.9,67.0
24.1,63.8,83.9,67.0
25.3,63.8,83.9,67.0
11.3,63.8,83.9,67.0
3.8,63.8,83.9,67.0
22.7,63.7,83.9,67.0
17.7,63.6,83.9,67.0
24.1,63.6,83.9,67.0
25.0,63.6,83.9,67.0
11.5,63.6,83.9,67.0
9.2,63.6,83.9,67.0
8.8,63.6,83.9,67.0
8.8,63.6,83.9,67.0
6.1,63.6,83.9,67.0
7.4,63.6,83.9,67.0
7.1,63.6,83.9,67.0
6.3,63.6,83.9,67.0
7.3,63.6,83.9,67.0
8.2,63.6,83.9,67.0
3.8,63.6,83.9,67.0
6.1,63.6,83.9,67.0
16.3,63.6,83.9,67.0
24.1,63.6,83.9,67.0
15.8,63.6,83.9,67.0
15.5,63.6,83.9,67.0
17.7,63.6,83.9,67.0
14.5,63.6,83.9,67.0
10.7,63.6,83.9,67.0
6.1,63.6,83.9,67.0
9.9,63.6,83.9,67.0
6.2,63.6,83.9,67.0
5.0,63.6,83.9,67.0
8.5,63.6,83.9,67.0
5.1,63.6,83.9,67.0
9.2,63.6,83.9,67.0
3.8,63.6,83.9,67.0
4.8,63.6,83.9,67.0
5.0,63.6,83.9,67.0
8.6,63.6,83.9,67.0
8.4,63.6,83.9,67.0
10.8,63.6,83.9,67.0
6.3,63.6,83.9,67.0
11.1,63.6,83.9,67.0
13.6,63.6,83.9,67.0
13.7,63.6,83.9,67.0
14.7,63.6,83.9,67.0
7.1,63.6,83.9,67.0
20.3,63.6,83.9,67.0
11.3,63.6,83.9,67.0
16.0,63.6,83.9,67.0
11.4,63.9,83.9,67.0
17.0,63.8,83.9,67.0
20.2,66.0,83.9,67.0
13.9,66.2,83.9,67.0
19.8,66.3,83.9,67.0
31.0,66.1,83.9,67.0
24.7,66.1,83.9,67.0
7.1,66.1,83.9,67.0
8.6,66.1,83.9,67.0
19.3,66.1,83.9,67.0
7.6,66.1,83.9,67.0
17.1,66.1,83.9,67.0
12.7,66.4,83.9,67.0
8.4,66.4,83.9,67.0
16.0,66.4,83.9,67.0
7.3,66.4,83.9,67.0
8.0,66.4,83.9,67.0
6.5,66.6,83.9,67.0
4.8,66.6,83.9,67.0
7.5,66.6,83.9,67.0
6.0,66.6,83.9,67.0
7.5,66.6,83.9,67.0
4.8,66.6,83.9,67.0
6.1,66.6,83.9,67.0
6.2,66.6,83.9,67.0
6.3,66.6,83.9,67.0
9.2,66.6,83.9,67.0
5.0,66.6,83.9,67.0
6.0,66.6,83.9,67.0
8.6,66.6,83.9,67.0
9.9,66.6,83.9,67.0
8.6,66.6,83.9,67.0
9.5,66.5,83.9,67.0
6.6,66.5,83.9,67.0
7.5,66.1,83.9,67.0
6.3,66.1,83.9,67.0
3.8,66.0,83.9,67.0
8.5,66.0,83.9,67.0
7.4,66.0,83.9,67.0
2.5,66.0,83.9,67.0
9.6,66.0,83.9,67.0
7.4,66.0,83.9,67.0
6.9,66.0,83.9,67.0
6.2,66.0,83.9,67.0
6.2,66.0,83.9,67.0
7.4,66.0,83.9,67.0
6.2,66.0,83.9,67.0
5.1,66.0,83.9,67.0
8.4,66.0,83.9,67.0
7.5,66.0,83.9,67.0
7.5,66.0,83.9,67.0
6.0,66.0,83.9,67.0
6.2,66.0,83.9,67.0
5.1,66.0,83.9,67.0
7.3,66.0,83.9,67.0
3.6,66.0,83.9,67.0
8.5,66.0,83.9,67.0
2.6,66.0,83.9,67.0
10.8,66.0,83.9,67.0
6.2,66.0,83.9,67.0
12.3,66.0,83.9,67.0
7.6,66.0,83.9,67.0
9.3,66.0,83.9,67.0
3.8,66.0,83.9,67.0
8.6,66.0,83.9,67.0
6.0,66.0,83.9,67.0
8.6,66.0,83.9,67.0
3.7,66.0,83.9,67.0
8.5,66.0,83.9,67.0
3.8,66.0,83.9,67.0
11.0,66.0,83.9,67.0
7.1,65.8,83.9,67.0
7.1,65.8,83.9,67.0
6.2,65.7,83.9,67.0
5.1,65.7,83.9,67.0
10.6,65.7,83.9,67.0
7.6,65.5,83.9,67.0
4.7,65.5,83.9,67.0
9.6,65.5,83.9,67.0
5.1,65.5,83.9,67.0
11.8,65.5,83.9,67.0
2.6,65.5,83.9,67.0
7.3,65.5,83.9,67.0
5.9,65.5,83.9,67.0
7.1,65.5,83.9,67.0
3.8,65.5,83.9,67.0
7.4,65.5,83.9,67.0
7.4,65.5,83.9,67.0
8.1,65.5,83.9,67.0
4.9,65.5,83.9,67.0
3.8,65.5,83.9,67.0
7.3,65.5,83.9,67.0
6.0,65.5,83.9,67.0
6.1,65.5,83.9,67.0
4.9,65.5,83.9,67.0
7.3,65.5,83.9,67.0
3.8,65.5,83.9,67.0
6.7,65.5,83.9,67.0
6.2,65.5,83.9,67.0
7.1,65.5,83.9,67.0
6.1,65.5,83.9,67.0
9.6,65.5,83.9,67.0
6.7,65.5,83.9,67.0
3.6,64.6,83.9,67.0
6.1,64.5,83.9,67.0
6.1,64.5,83.9,67.0
4.9,64.5,83.9,67.0
6.0,64.5,83.9,67.0
10.3,64.5,83.9,67.0
6.3,64.5,83.9,67.0
9.6,64.6,83.9,67.0
5.4,64.6,83.9,67.0
6.1,64.6,83.9,67.0
4.9,64.6,83.9,67.0
10.8,64.6,83.9,67.0
6.0,64.6,83.9,67.0
7.3,64.6,83.9,67.0
5.1,64.6,83.9,67.0
3.8,64.6,83.9,67.0
11.6,64.6,83.9,67.0
5.0,64.6,83.9,67.0
8.5,64.6,83.9,67.0
6.1,64.6,83.9,67.0
8.3,64.6,83.9,67.0
7.1,64.6,83.9,67.0
6.2,64.6,83.9,67.0
4.8,64.6,83.9,67.0
6.0,64.6,83.9,67.0
7.8,64.6,83.9,67.0
6.3,64.5,83.9,67.0
8.2,64.5,83.9,67.0
3.8,64.5,83.9,67.0
5.0,64.5,83.9,67.0
14.7,64.5,83.9,67.0
32.9,64.5,83.9,67.0
9.9,64.5,83.9,67.0
9.5,64.6,83.9,67.0
28.4,64.7,83.9,67.0
14.3,64.7,83.9,67.0
14.1,64.7,83.9,67.0
7.3,64.7,83.9,67.0
21.8,64.8,83.9,67.0
22.6,64.8,83.9,67.0
33.7,64.8,83.9,67.0
27.1,64.8,83.9,67.0
12.7,64.8,83.9,67.0
27.1,64.8,83.9,67.0
6.0,64.8,83.9,67.0
13.5,64.8,83.9,67.0
24.7,64.7,83.9,67.0
28.9,64.7,83.9,67.0
25.3,64.7,83.9,67.0
16.7,64.9,83.9,67.0
16.5,64.9,83.9,67.0
13.4,64.9,83.9,67.0
8.3,64.9,83.9,67.0
10.0,64.9,83.9,67.0
52.4,64.9,83.9,67.0
21.4,65.0,83.9,67.0
27.8,65.0,83.9,67.0
31.3,64.8,83.9,67.0
31.0,64.8,83.9,67.0
51.4,64.8,83.9,67.0
39.5,64.7,83.9,67.0
10.1,64.7,83.9,67.0
7.5,64.7,83.9,67.0
41.3,64.7,83.9,67.0
11.0,64.7,83.9,67.0
8.4,64.4,83.9,67.0
3.8,64.4,83.9,67.0
16.3,64.3,83.9,67.0
25.6,64.3,83.9,67.0
11.2,64.3,83.9,67.0
9.4,64.3,83.9,67.0
76.8,64.3,83.9,67.0
63.0,64.3,83.9,67.0
18.8,64.5,83.9,67.0
3.8,64.5,83.9,67.0
10.6,64.5,83.9,67.0
17.3,64.6,83.9,67.0
6.0,64.8,83.9,67.0
32.9,64.8,83.9,67.0
10.8,64.6,83.9,67.0
10.8,64.6,83.9,67.0
5.0,64.6,83.9,67.0
8.6,64.6,83.9,67.0
8.5,64.6,83.9,67.0
11.0,64.6,83.9,67.0
11.3,65.0,83.9,67.0
9.8,65.0,83.9,67.0
9.9,65.0,83.9,67.0
91.8,65.0,83.9,67.0
81.5,65.0,83.9,67.0
35.9,65.0,83.9,67.0
81.7,64.7,83.9,67.0
38.8,64.7,83.9,67.0
32.9,64.6,83.9,67.0
7.5,64.7,83.9,67.0
18.7,64.7,83.4,67.0
8.8,64.7,83.4,67.0
21.4,64.7,83.4,67.0
17.8,64.7,83.4,67.0
8.3,64.8,83.4,67.0
15.4,64.8,83.4,67.0
12.5,64.8,83.4,67.0
23.5,64.8,83.4,67.0
20.5,64.8,83.4,67.0
13.6,64.8,83.4,67.0
10.6,64.8,83.4,67.0
6.2,64.8,83.4,67.0
6.2,64.8,83.4,67.0
9.8,64.8,83.4,67.0
39.3,64.8,83.4,67.0
35.4,64.8,83.4,67.0
7.5,64.8,83.4,67.0
13.4,64.8,83.4,67.0
28.9,64.8,83.4,67.0
22.5,64.8,83.4,67.0
23.8,64.8,83.4,67.0
18.5,64.8,83.4,67.0
21.4,64.8,83.4,67.0
31.3,64.8,83.4,67.0
15.0,64.8,83.4,67.0
11.8,64.8,83.4,67.0
6.3,64.8,83.4,67.0
4.8,64.8,83.4,67.0
8.3,64.8,83.4,67.0
6.2,64.8,83.4,67.0
14.1,64.8,83.4,67.0
6.4,64.6,83.4,67.0
23.6,64.6,83.4,67.0
17.3,64.8,83.4,67.0
8.6,64.8,83.4,67.0
10.8,64.8,83.4,67.0
13.4,64.8,83.4,67.0
7.2,65.0,83.4,67.0
11.4,65.0,83.4,67.0
3.8,65.0,83.4,67.0
17.3,65.0,83.4,67.0
71.9,65.0,83.4,67.0
98.8,65.0,83.4,67.0
81.0,65.0,83.4,67.0
36.5,65.0,83.4,67.0
12.9,65.0,83.4,67.0
12.2,65.0,83.4,67.0
51.3,65.0,83.4,67.0
31.3,65.0,83.4,67.0
26.6,65.0,83.4,67.0
30.2,65.0,83.4,67.0
5.7,67.2,83.4,67.0
12.5,67.2,83.4,67.0
5.1,67.2,83.4,67.0
10.5,67.2,83.4,67.0
17.5,67.2,83.4,67.0
7.5,67.2,83.4,67.0
11.1,67.4,83.4,67.0
4.9,67.4,83.4,67.0
7.2,67.4,83.4,67.0
6.3,67.4,83.4,67.0
7.5,67.3,83.4,67.0
20.5,67.3,83.4,67.0
10.3,67.3,83.4,67.0
13.3,67.3,83.4,67.0
7.1,67.3,83.4,67.0
7.1,67.4,83.4,67.0
6.4,67.4,83.4,67.0
8.2,67.4,83.4,67.0
9.6,67.4,83.4,67.0
6.0,67.4,83.4,67.0
6.2,67.4,83.4,67.0
6.0,67.3,83.4,67.0
5.1,67.3,83.4,67.0
7.1,67.3,83.4,67.0
6.2,67.3,83.4,67.0
6.2,67.3,83.4,67.0
8.0,67.3,83.4,67.0
13.1,67.1,83.4,67.0
19.5,67.1,83.4,67.0
22.5,67.0,83.4,67.0
23.8,67.1,83.4,67.0
9.8,67.0,83.4,67.0
6.0,67.0,83.4,67.0
7.5,67.0,83.4,67.0
7.3,67.0,83.4,67.0
6.9,67.0,83.4,67.0
7.4,67.0,83.4,67.0
1.3,67.0,83.4,67.0
10.6,67.0,83.4,67.0
7.4,67.0,83.4,67.0
9.6,67.0,83.4,67.0
3.7,67.0,83.4,67.0
13.8,67.0,83.4,67.0
11.0,67.0,83.4,67.0
4.9,67.0,83.4,67.0
5.1,67.0,83.4,67.0
8.4,67.0,83.4,67.0
14.6,67.0,83.4,67.0
16.3,66.8,83.4,67.0
7.1,66.7,83.4,67.0
7.0,66.7,83.4,67.0
10.0,66.7,83.4,67.0
14.6,66.7,83.4,67.0
8.3,65.9,83.4,67.0
3.8,65.9,83.4,67.0
15.9,65.9,83.4,67.0
84.0,66.4,82.3,67.0
86.6,66.5,82.3,67.0
50.6,66.8,82.3,67.0
6.2,66.8,82.3,67.0
8.5,66.8,82.3,67.0
15.2,66.8,82.3,67.0
9.8,66.8,82.3,67.0
25.0,66.8,82.3,67.0
27.5,66.8,82.3,67.0
24.4,67.3,82.3,67.0
16.3,67.3,83.3,67.0
13.8,67.3,85.6,67.0
11.3,66.0,85.6,67.0
7.3,65.8,85.6,67.0
7.3,65.8,85.6,67.0
6.2,65.8,85.6,67.0
7.4,65.8,85.6,67.0
5.5,65.8,85.6,67.0
4.9,65.8,85.6,67.0
10.8,65.1,85.6,67.0
6.3,65.1,85.6,67.0
9.3,65.1,85.6,67.0
7.6,65.1,85.6,67.0
5.7,65.1,85.6,67.0
6.0,64.6,85.6,67.0
7.5,64.6,85.6,67.0
6.1,64.6,85.6,67.0
6.0,64.6,85.6,67.0
7.2,64.6,85.6,67.0
1.3,64.6,85.6,67.0
11.0,64.6,85.6,67.0
6.0,64.6,85.6,67.0
6.8,64.6,85.6,67.0
3.7,64.5,85.6,67.0
8.6,64.4,85.6,67.0
4.9,64.4,85.6,67.0
12.8,64.4,85.6,67.0
8.3,64.4,85.6,67.0
18.1,64.5,85.6,67.0
8.7,64.5,85.6,67.0
9.6,64.5,85.6,67.0
6.2,64.5,85.6,67.0
5.6,64.5,85.6,67.0
4.8,64.5,85.6,67.0
8.4,64.5,85.6,67.0
7.6,64.5,85.6,67.0
10.7,64.6,85.6,67.0
2.5,64.6,85.6,67.0
6.0,64.6,85.6,67.0
4.8,64.6,85.6,67.0
7.3,64.6,85.6,67.0
8.5,64.6,85.6,67.0
4.9,64.6,85.6,67.0
6.6,64.6,85.6,67.0
11.3,64.5,85.6,67.0
7.1,64.5,85.6,67.0
7.1,64.5,85.6,67.0
3.8,64.5,85.6,67.0
6.1,64.5,85.6,67.0
10.0,64.5,85.6,67.0
4.9,64.5,85.6,67.0
8.6,64.5,85.6,67.0
6.2,64.5,85.6,67.0
9.8,64.3,85.6,67.0
6.1,64.3,85.6,67.0
6.3,64.3,85.6,67.0
9.3,64.3,85.6,67.0
9.5,64.3,85.6,67.0
8.6,64.2,85.6,67.0
6.2,64.2,85.6,67.0
14.6,64.2,85.6,67.0
6.1,64.3,85.6,67.0
7.8,64.3,85.6,67.0
12.2,64.1,85.6,67.0
4.9,64.1,85.6,67.0
7.5,64.0,85.6,67.0
6.1,64.0,85.6,67.0
4.9,64.0,85.6,67.0
9.5,64.0,85.6,67.0
9.6,64.0,85.1,67.0
6.9,64.0,85.1,67.0
7.3,64.1,85.1,67.0
6.2,64.0,85.1,67.0
6.7,64.0,85.1,67.0
3.7,64.0,85.1,67.0
6.2,64.0,85.1,67.0
6.0,64.0,85.1,67.0
6.3,64.0,85.1,67.0
3.7,64.0,85.1,67.0
10.8,64.0,85.1,67.0
6.2,64.0,85.1,67.0
2.6,64.0,85.1,67.0
8.4,64.0,85.1,67.0
8.0,64.0,85.1,67.0
3.8,64.0,85.1,67.0
7.5,64.0,85.1,67.0
7.4,64.0,85.1,67.0
7.4,64.0,85.1,67.0
7.2,64.0,85.1,67.0
5.0,64.0,85.1,67.0
6.1,64.0,85.1,67.0
10.5,64.0,85.1,67.0
17.3,64.1,85.1,67.0
16.3,64.1,85.1,67.0
15.0,64.1,85.1,67.0
18.3,64.1,85.1,67.0
17.3,64.1,85.1,67.0
15.7,64.1,85.1,67.0
11.1,64.1,85.1,67.0
16.7,64.1,85.1,67.0
17.3,64.1,85.1,67.0
15.0,64.1,85.1,67.0
18.8,64.1,85.1,67.0
14.8,64.1,85.1,67.0
16.0,64.1,85.1,67.0
15.0,64.1,85.1,67.0
22.1,64.1,85.1,67.0
18.8,64.1,85.1,67.0
18.3,64.1,85.1,67.0
18.7,64.1,85.1,67.0
21.0,64.1,85.1,67.0
16.7,64.1,85.1,67.0
6.2,64.1,85.1,67.0
7.3,64.1,85.1,67.0
12.8,64.1,85.1,67.0
13.4,63.9,85.1,67.0
12.5,63.9,85.1,67.0
9.9,63.9,85.1,67.0
12.0,63.9,85.1,67.0
14.2,63.9,85.1,67.0
7.5,63.9,85.1,67.0
10.4,63.9,85.1,67.0
17.7,63.9,85.1,67.0
5.1,63.9,85.1,67.0
10.0,63.9,85.1,67.0
21.3,63.9,85.1,67.0
9.5,63.9,85.1,67.0
8.3,63.9,85.1,67.0
17.1,63.9,85.1,67.0
2.5,63.9,85.1,67.0
43.2,63.9,85.1,67.0
20.0,63.9,85.1,67.0
6.3,63.9,85.1,67.0
10.7,63.9,85.1,67.0
8.4,63.9,85.1,67.0
6.3,63.9,85.1,67.0
8.4,63.9,85.1,67.0
11.0,63.9,85.1,67.0
10.8,63.9,85.1,67.0
8.5,63.9,85.1,67.0
12.3,63.9,85.1,67.0
11.8,63.9,85.1,67.0
8.0,63.9,85.1,67.0
6.2,63.8,85.1,67.0
11.9,63.8,85.1,67.0
11.0,63.8,85.1,67.0
11.0,63.8,85.1,67.0
8.9,63.8,85.1,67.0
8.9,63.8,85.1,67.0
7.5,63.8,85.1,67.0
5.0,63.8,85.1,67.0
8.9,63.8,85.1,67.0
9.8,63.7,85.1,67.0
6.1,63.7,85.1,67.0
7.4,63.7,85.1,67.0
9.5,63.7,85.1,67.0
9.5,63.7,85.1,67.0
8.8,63.7,85.1,67.0
9.6,63.7,85.1,67.0
6.2,63.7,85.1,67.0
6.3,63.7,85.1,67.0
7.4,63.7,85.1,67.0
8.8,63.7,85.1,67.0
7.4,63.7,85.1,67.0
9.5,63.7,85.1,67.0
7.6,63.6,85.1,67.0
8.6,63.6,85.1,67.0
7.6,63.6,85.1,67.0
12.0,63.6,85.1,67.0
9.8,63.6,85.1,67.0
7.5,63.6,85.1,67.0
6.2,63.6,85.1,67.0
8.9,63.6,85.1,67.0
7.2,63.6,85.1,67.0
12.2,63.6,85.1,67.0
6.4,63.6,85.1,67.0
9.9,63.6,85.1,67.0
10.5,63.4,85.1,67.0
7.5,63.4,85.1,67.0
10.1,63.4,85.1,67.0
11.3,63.4,85.1,67.0
9.4,63.4,85.1,67.0
11.0,63.4,85.1,67.0
7.3,63.4,85.1,67.0
12.2,63.4,85.1,67.0
8.9,63.4,85.1,67.0
7.4,63.4,85.1,67.0
5.1,63.4,85.1,67.0
8.6,63.4,85.1,67.0
8.8,63.4,85.1,67.0
7.5,63.4,85.1,67.0
8.5,63.4,85.1,67.0
6.2,63.4,85.1,67.0
14.1,63.4,85.1,67.0
9.4,63.4,85.1,67.0
14.0,63.4,85.1,67.0
8.6,63.4,85.1,67.0
9.9,63.4,85.1,67.0
12.5,63.4,85.1,67.0
13.8,63.4,85.1,67.0
14.5,63.4,85.1,67.0
14.6,63.4,85.1,67.0
22.2,63.4,85.1,67.0
16.0,63.4,85.1,67.0
7.2,63.4,85.1,67.0
3.7,63.4,85.1,67.0
9.8,63.4,85.1,67.0
19.3,63.4,85.1,67.0
14.0,63.4,85.1,67.0
10.7,63.4,85.1,67.0
5.1,63.4,85.1,67.0
18.0,63.4,85.1,67.0
16.7,63.4,85.1,67.0
14.8,63.4,85.1,67.0
18.8,63.4,85.1,67.0
16.5,63.4,85.1,67.0
8.3,63.4,85.1,67.0
6.3,63.4,85.1,67.0
18.3,63.4,85.1,67.0
16.0,63.4,85.1,67.0
15.4,63.4,85.1,67.0
18.4,63.4,85.1,67.0
15.2,63.4,85.1,67.0
16.5,63.4,85.1,67.0
13.7,63.4,85.1,67.0
13.4,63.4,85.1,67.0
17.3,63.4,85.1,67.0
11.7,63.5,85.1,67.0
19.0,63.5,85.1,67.0
18.1,63.5,85.1,67.0
15.5,63.5,85.1,67.0
16.8,63.5,85.1,67.0
17.5,63.5,85.1,67.0
16.0,63.5,85.1,67.0
11.0,63.5,85.1,67.0
3.7,63.5,85.1,67.0
7.4,63.5,85.1,67.0
7.2,63.5,85.1,67.0
5.1,63.5,85.1,67.0
8.5,63.5,85.1,67.0
7.6,63.5,85.1,67.0
6.1,63.5,85.1,67.0
6.3,63.7,85.1,67.0
8.3,63.7,85.1,67.0
21.3,63.7,85.1,67.0
18.9,63.9,85.1,67.0
21.4,64.0,85.1,67.0
22.5,64.0,85.1,67.0
18.5,64.0,85.1,67.0
18.3,64.0,85.1,67.0
18.6,64.0,85.1,67.0
11.0,64.0,85.1,67.0
34.2,64.0,85.1,67.0
18.7,64.1,85.1,67.0
20.2,64.1,85.1,67.0
15.2,64.1,85.1,67.0
14.6,64.1,85.1,67.0
15.9,64.1,85.1,67.0
14.6,64.1,85.1,67.0
6.2,64.1,85.1,67.0
7.2,64.1,85.1,67.0
4.9,64.1,85.1,67.0
8.4,64.1,85.1,67.0
7.4,64.1,85.1,67.0
5.1,64.1,85.1,67.0
8.5,64.1,85.1,67.0
6.4,64.1,85.1,67.0
7.4,64.1,85.1,67.0
6.1,64.1,85.1,67.0
8.5,64.1,85.1,67.0
7.6,64.1,85.1,67.0
19.0,64.1,85.1,67.0
23.8,64.1,85.1,67.0
16.7,64.1,85.1,67.0
17.3,64.1,85.1,67.0
13.9,64.1,85.1,67.0
18.1,64.1,85.1,67.0
13.1,64.1,85.1,67.0
20.0,64.1,85.1,67.0
13.6,64.1,85.1,67.0
19.0,64.1,85.1,67.0
14.8,64.1,85.1,67.0
17.1,64.1,85.1,67.0
17.9,64.1,85.1,67.0
17.3,64.1,85.1,67.0
14.6,64.1,85.1,67.0
16.6,64.1,85.1,67.0
17.3,64.1,85.1,67.0
16.7,64.1,85.1,67.0
7.5,64.1,85.1,67.0
3.7,64.1,85.1,67.0
16.7,64.1,85.1,67.0
22.2,64.1,85.1,67.0
12.2,64.0,85.1,67.0
5.1,64.0,85.1,67.0
8.5,64.0,85.1,67.0
4.9,64.0,85.1,67.0
6.1,64.0,85.1,67.0
7.2,64.0,85.1,67.0
7.7,64.0,85.1,67.0
15.9,64.1,85.1,67.0
16.0,64.1,85.1,67.0
16.3,64.1,85.1,67.0
16.2,64.1,85.1,67.0
26.3,64.1,85.1,67.0
17.6,64.1,85.1,67.0
14.2,64.1,85.1,67.0
5.0,64.0,85.1,67.0
17.4,64.0,85.1,67.0
15.2,64.0,85.1,67.0
10.6,64.0,85.1,67.0
19.0,64.0,85.1,67.0
12.3,64.0,85.1,67.0
20.7,64.0,85.1,67.0
16.7,64.0,85.1,67.0
13.9,64.0,85.1,67.0
18.3,64.0,85.1,67.0
16.5,64.0,85.1,67.0
13.2,64.0,85.1,67.0
7.2,63.9,85.1,67.0
6.8,63.9,85.1,67.0
8.5,64.0,85.1,67.0
5.9,64.0,85.1,67.0
3.7,64.0,85.1,67.0
13.7,64.0,85.1,67.0
17.9,64.0,85.1,67.0
16.3,64.0,85.1,67.0
18.3,64.0,85.1,67.0
17.1,64.0,85.1,67.0
13.6,64.0,85.1,67.0
17.4,64.0,85.1,67.0
20.5,64.0,85.1,67.0
13.7,64.0,85.1,67.0
16.0,64.0,85.1,67.0
20.5,64.0,85.1,67.0
21.3,64.0,84.6,67.0
17.1,64.0,84.6,67.0
14.8,64.0,84.6,67.0
14.8,64.0,84.6,67.0
16.3,64.0,84.6,67.0
11.0,64.0,84.6,67.0
16.0,64.0,84.6,67.0
18.1,64.0,84.6,67.0
13.7,64.0,84.6,67.0
18.3,64.0,84.6,67.0
18.1,64.0,84.6,67.0
17.3,64.0,84.6,67.0
13.6,64.0,84.6,67.0
10.8,64.0,84.6,67.0
11.8,64.0,84.6,67.0
16.9,63.9,84.6,67.0
9.8,63.9,84.6,67.0
8.5,63.9,84.6,67.0
10.7,63.9,84.6,67.0
19.3,63.9,84.6,67.0
22.1,63.9,84.6,67.0
18.3,63.9,84.6,67.0
10.1,63.9,84.6,67.0
14.8,63.9,84.6,67.0
15.5,63.9,84.6,67.0
21.8,63.9,84.6,67.0
20.5,63.9,84.6,67.0
19.8,63.9,84.6,67.0
21.7,63.9,84.6,67.0
16.5,63.9,84.6,67.0
17.1,63.9,84.6,67.0
18.1,63.9,84.6,67.0
18.3,63.9,84.6,67.0
14.5,63.8,84.6,67.0
14.8,63.8,84.6,67.0
8.5,63.8,84.6,67.0
7.4,63.8,84.6,67.0
3.8,63.8,84.6,67.0
5.1,63.8,84.6,67.0
8.4,63.8,84.6,67.0
7.3,63.8,84.6,67.0
5.8,63.8,84.6,67.0
3.8,63.8,84.6,67.0
8.4,63.8,84.6,67.0
11.8,63.8,84.6,67.0
3.8,63.8,84.6,67.0
3.7,63.8,84.6,67.0
6.2,63.8,84.6,67.0
2.4,63.8,84.6,67.0
12.8,63.8,84.6,67.0
19.0,63.8,84.6,67.0
14.8,63.8,84.6,67.0
18.7,63.8,84.6,67.0
16.0,63.8,84.6,67.0
15.5,63.8,84.6,67.0
15.0,63.8,84.6,67.0
14.6,63.8,84.6,67.0
10.2,63.8,84.6,67.0
14.8,63.8,84.6,67.0
16.2,63.8,84.6,67.0
20.5,63.8,84.6,67.0
3.8,63.8,84.6,67.0
16.7,63.8,84.6,67.0
20.7,63.8,84.6,67.0
14.8,63.8,84.6,67.0
13.6,63.8,84.6,67.0
4.9,63.8,84.6,67.0
7.0,63.8,84.6,67.0
6.2,63.8,84.6,67.0
5.1,63.8,84.6,67.0
9.5,63.8,84.6,67.0
5.0,63.8,84.6,67.0
15.9,63.8,84.6,67.0
10.2,63.8,84.6,67.0
9.5,63.8,84.6,67.0
8.9,63.8,84.6,67.0
11.5,63.8,84.6,67.0
10.0,63.8,84.6,67.0
16.4,63.8,84.6,67.0
13.7,63.8,84.6,67.0
21.4,63.8,84.6,67.0
16.2,63.8,84.6,67.0
15.1,63.8,84.6,67.0
7.4,63.8,84.6,67.0
16.2,63.8,84.6,67.0
19.9,63.8,82.5,67.0
8.6,64.6,82.5,67.0
15.7,64.6,82.5,67.0
7.4,64.6,82.0,67.0
7.5,64.6,82.0,67.0
7.3,64.6,82.0,67.0
7.2,64.6,82.0,67.0
3.8,64.6,82.0,67.0
6.2,64.6,82.0,67.0
6.0,64.6,82.0,67.0
5.1,64.6,82.0,67.0
9.4,64.7,82.0,67.0
4.9,64.7,82.0,67.0
6.0,64.7,82.0,67.0
5.1,64.7,82.0,67.0
6.1,64.7,82.0,67.0
3.7,64.7,82.0,67.0
13.3,64.7,82.0,67.0
16.0,64.7,82.0,67.0
15.3,64.7,82.0,67.0
6.1,64.7,82.0,67.0
11.3,64.7,82.0,67.0
14.6,64.7,82.0,67.0
18.1,64.7,82.0,67.0
8.4,64.7,82.0,67.0
21.0,64.7,82.0,67.0
16.0,64.7,82.0,67.0
14.6,64.7,82.0,67.0
18.5,64.7,82.0,67.0
16.5,64.7,82.0,67.0
16.3,64.7,82.0,67.0
16.2,64.7,82.0,67.0
17.9,64.7,82.0,67.0
19.5,64.7,82.0,67.0
15.5,64.7,82.0,67.0
8.9,64.7,82.0,67.0
6.2,64.7,82.0,67.0
12.6,64.7,82.0,67.0
16.5,64.7,82.0,67.0
16.2,64.7,82.0,67.0
7.1,64.7,82.0,67.0
11.9,64.7,82.0,67.0
4.9,64.7,82.0,67.0
6.2,64.7,82.0,67.0
7.8,64.7,82.0,67.0
8.5,64.7,82.0,67.0
7.5,64.7,82.0,67.0
5.9,64.7,82.0,67.0
3.9,64.7,82.0,67.0
11.0,64.7,82.0,67.0
5.1,64.7,82.0,67.0
15.5,64.7,82.0,67.0
22.6,64.7,82.0,67.0
23.2,64.7,82.0,67.0
17.1,64.7,82.0,67.0
12.5,64.7,82.0,67.0
15.0,64.7,82.0,67.0
14.1,64.7,82.0,67.0
15.7,64.7,82.0,67.0
16.4,64.7,82.0,67.0
17.1,64.7,82.0,67.0
17.3,64.7,82.0,67.0
17.9,64.7,82.0,67.0
15.4,64.7,82.0,67.0
12.7,64.7,82.0,67.0
7.2,64.7,82.0,67.0
4.9,64.7,82.0,67.0
6.2,64.7,82.0,67.0
6.7,64.7,82.0,67.0
4.9,64.7,82.0,67.0
7.5,64.7,82.0,67.0
7.0,64.7,82.0,67.0
7.3,64.7,82.0,67.0
5.0,64.7,82.0,67.0
12.2,64.9,82.0,67.0
7.3,64.9,82.0,67.0
11.9,64.9,82.0,67.0
13.6,64.9,82.0,67.0
17.1,64.9,82.0,67.0
16.3,65.0,82.0,67.0
16.5,65.0,82.0,67.0
18.3,65.0,82.0,67.0
15.2,65.0,82.0,67.0
19.3,65.0,82.0,67.0
20.0,65.0,82.0,67.0
38.0,65.0,82.1,67.1
33.3,64.9,82.1,67.1
27.0,64.9,82.3,67.0
12.7,64.9,82.3,67.0
13.7,64.8,82.3,67.0
21.0,64.9,82.3,67.0
27.1,64.7,82.7,67.0
12.8,64.6,83.0,67.0
22.0,64.6,83.7,67.0
20.3,64.3,84.0,67.0
14.3,64.2,84.0,67.0
23.2,64.3,84.0,67.0
26.8,64.1,84.0,67.0
25.9,64.2,84.0,67.0
31.7,64.2,84.0,67.0
27.4,64.1,84.0,67.0
32.1,64.1,84.0,67.0
30.4,64.1,84.0,67.0
28.2,64.1,84.0,67.0
33.9,64.1,84.0,67.0
31.4,64.2,84.0,67.0
34.6,64.2,84.0,67.0
29.3,64.2,84.0,67.0
32.5,64.2,84.0,67.0
34.6,64.2,84.0,67.0
33.3,64.2,84.0,67.0
25.1,64.2,84.0,67.0
33.0,64.2,84.0,67.0
32.5,64.2,84.0,67.0
27.4,64.1,84.0,67.0
32.9,64.2,84.0,67.0
30.0,64.2,84.0,67.0
31.0,64.2,84.0,67.0
22.5,64.2,84.0,67.0
22.2,64.2,84.0,67.0
20.6,64.2,84.0,67.0
21.7,64.2,84.0,67.0
14.5,64.0,84.0,67.0
21.8,64.0,84.0,67.0
22.1,64.1,84.0,67.0
18.2,64.1,84.0,67.0
24.1,64.1,84.0,67.0
18.7,64.1,84.0,67.0
16.3,64.0,84.0,67.0
16.3,64.0,84.0,67.0
14.8,64.0,84.0,67.0
22.9,64.0,84.0,67.0
9.9,64.0,84.0,67.0
6.3,64.0,84.0,67.0
17.1,64.0,84.0,67.0
13.7,64.0,84.0,67.0
16.1,64.0,84.0,67.0
12.1,64.0,84.0,67.0
15.5,64.0,84.0,67.0
16.0,64.0,84.0,67.0
16.9,64.0,84.0,67.0
15.6,64.0,84.0,67.0
13.6,64.0,84.0,67.0
16.9,64.0,84.0,67.0
17.5,64.0,84.0,67.0
14.6,64.0,84.0,67.0
15.2,64.0,84.0,67.0
6.0,64.0,84.0,67.0
6.1,64.0,84.0,67.0
6.0,64.0,84.0,67.0
8.6,64.0,84.0,67.0
8.6,64.0,84.0,67.0
12.0,64.0,84.0,67.0
3.8,64.0,84.0,67.0
7.1,64.0,84.0,67.0
3.6,64.0,84.0,67.0
3.7,64.0,84.0,67.0
7.4,64.0,84.0,67.0
3.6,64.0,84.0,67.0
6.2,64.0,84.0,67.0
26.2,64.0,84.0,67.0
29.7,64.0,84.0,67.0
13.4,64.0,84.0,67.0
12.3,64.1,84.0,67.0
19.5,64.1,84.0,67.0
12.3,64.1,84.0,67.0
18.3,64.1,84.0,67.0
16.9,64.1,84.0,67.0
16.5,64.1,84.0,67.0
14.8,64.1,84.0,67.0
19.0,64.1,84.0,67.0
10.8,64.1,84.0,67.0
18.3,64.1,84.0,67.0
15.9,64.1,84.0,67.0
14.6,64.1,84.0,67.0
19.3,64.1,84.0,67.0
14.9,64.1,84.0,67.0
17.1,64.1,84.0,67.0
14.3,64.1,84.0,67.0
11.7,64.1,84.0,67.0
5.9,64.1,84.0,67.0
4.9,64.1,84.0,67.0
5.9,64.1,84.0,67.0
9.5,64.1,84.0,67.0
3.8,64.1,84.0,67.0
7.5,64.2,84.0,67.0
9.5,64.2,84.0,67.0
7.9,64.2,84.0,67.0
17.6,64.2,84.0,67.0
15.9,64.2,84.0,67.0
16.7,64.2,84.0,67.0
14.6,64.2,84.0,67.0
9.6,64.2,84.0,67.0
14.1,64.2,84.0,67.0
23.5,64.2,84.0,67.0
16.0,64.2,84.0,67.0
8.5,64.2,84.0,67.0
13.0,64.2,84.0,67.0
17.2,64.2,84.0,67.0
14.5,64.1,84.0,67.0
17.1,64.1,84.0,67.0
16.7,64.1,84.0,67.0
18.1,64.1,84.0,67.0
14.8,64.1,84.0,67.0
10.8,64.1,84.0,67.0
12.8,64.1,84.0,67.0
16.2,64.1,84.0,67.0
14.8,64.1,84.0,67.0
22.9,64.1,84.0,67.0
8.2,64.1,84.0,67.0
6.0,64.5,84.0,67.0
6.3,64.5,84.0,67.0
7.5,64.5,84.0,67.0
4.9,64.6,84.0,67.0
8.2,64.6,84.0,67.0
6.2,64.6,84.0,67.0
7.1,64.6,84.0,67.0
14.6,64.6,84.0,67.0
13.0,64.6,84.0,67.0
18.7,64.6,84.0,67.0
15.7,64.6,84.0,67.0
19.5,64.6,84.0,67.0
14.6,64.6,84.0,67.0
2.6,64.6,84.0,67.0
5.9,64.6,84.0,67.0
17.5,64.6,84.0,67.0
16.6,64.6,84.0,67.0
17.9,64.6,84.0,67.0
16.0,64.6,84.0,67.0
12.8,64.6,84.0,67.0
17.1,64.6,84.0,67.0
17.4,64.6,84.0,67.0
33.3,64.6,84.0,67.0
16.5,64.6,84.0,67.0
14.6,64.6,84.0,67.0
6.2,64.6,84.0,67.0
2.5,64.6,84.0,67.0
8.2,64.6,84.0,67.0
8.6,64.6,84.0,67.0
9.8,64.6,84.0,67.0
5.4,64.6,84.0,67.0
10.0,64.6,84.0,67.0
3.8,64.6,84.0,67.0
7.3,64.6,84.0,67.0
7.5,64.6,84.0,67.0
5.0,64.6,84.0,67.0
6.3,64.6,84.0,67.0
8.5,64.6,84.0,67.0
5.8,64.6,84.0,67.0
2.6,64.6,84.0,67.0
6.1,64.6,84.0,67.0
15.8,64.6,84.0,67.0
21.7,64.6,84.0,67.0
17.5,64.6,84.0,67.0
17.9,64.6,84.0,67.0
18.1,64.6,84.0,67.0
12.8,64.6,84.0,67.0
17.3,64.6,84.0,67.0
19.3,64.6,84.0,67.0
16.0,64.6,84.0,67.0
11.0,64.6,84.0,67.0
8.4,64.6,84.0,67.0
24.5,64.6,83.0,67.0
25.9,65.2,83.0,67.0
24.4,65.2,83.0,67.0
30.4,65.2,83.0,67.0
28.8,65.2,83.0,67.0
11.0,65.2,83.0,67.0
19.8,65.2,83.0,67.0
24.4,65.2,83.0,67.0
14.1,65.2,83.0,67.0
13.6,65.2,83.0,67.0
11.3,65.2,83.0,67.0
12.2,65.2,83.0,67.0
8.5,65.2,83.0,67.0
15.3,65.2,83.0,67.0
12.2,65.2,83.0,67.0
8.4,65.2,83.0,67.0
14.3,65.2,83.0,67.0
21.7,65.2,83.0,67.0
28.2,65.2,83.0,67.0
17.6,65.2,83.0,67.0
17.3,65.2,83.0,67.0
13.0,65.2,83.0,67.0
19.5,65.2,83.0,67.0
19.3,65.2,83.0,67.0
11.0,65.2,83.0,67.0
31.2,65.2,83.0,67.0
32.9,65.2,83.0,67.0
25.3,65.2,83.0,67.0
34.2,65.2,83.0,67.0
24.2,65.2,83.1,67.0
30.6,65.2,83.1,67.0
25.0,65.2,83.1,67.0
17.5,65.2,83.1,67.0
22.5,65.2,83.1,67.0
19.0,65.2,83.1,67.0
22.1,65.2,83.1,67.0
21.5,65.2,83.1,67.0
13.8,65.2,83.1,67.0
12.7,65.2,83.1,67.0
13.8,65.2,83.1,67.0
15.7,65.2,83.1,67.0
17.8,65.2,83.1,67.0
13.3,65.2,83.1,67.0
9.6,65.2,83.1,67.0
7.5,65.2,83.1,67.0
11.1,65.2,83.1,67.0
9.9,65.2,83.1,67.0
3.6,65.2,83.1,67.0
7.5,65.2,83.1,67.0
6.6,65.2,83.1,67.0
3.7,65.2,83.1,67.0
4.9,65.2,83.1,67.0
5.8,65.2,83.1,67.0
16.7,65.2,83.1,67.0
16.5,65.2,83.1,67.0
16.5,65.2,83.1,67.0
17.3,65.2,83.1,67.0
5.0,65.2,83.1,67.0
7.6,65.2,83.1,67.0
20.7,65.2,83.1,67.0
18.1,65.2,83.1,67.0
8.7,65.2,83.1,67.0
23.6,65.2,83.1,67.0
15.4,65.2,83.1,67.0
16.9,65.2,83.1,67.0
18.8,65.2,83.1,67.0
16.0,65.2,83.1,67.0
18.8,65.2,83.1,67.0
14.3,65.2,83.1,67.0
15.2,65.2,83.1,67.0
20.9,65.2,83.1,67.0
29.4,65.2,83.1,67.0
16.0,65.2,83.1,67.0
12.7,65.2,83.1,67.0
2.5,65.2,83.1,67.0
7.2,65.2,83.1,67.0
5.1,65.2,83.1,67.0
14.8,65.2,83.1,67.0
6.3,65.2,83.1,67.0
5.9,65.2,83.1,67.0
10.0,65.2,83.1,67.0
8.8,65.2,83.1,67.0
17.1,65.1,83.1,67.0
8.6,65.1,83.1,67.0
6.2,65.1,83.1,67.0
7.5,65.1,83.1,67.0
7.5,65.1,83.1,67.0
6.9,65.1,83.1,67.0
7.2,65.1,83.1,67.0
12.9,64.8,83.1,67.0
22.4,64.8,83.1,67.0
15.7,64.7,83.1,67.0
20.0,64.7,83.1,67.0
17.5,64.7,83.1,67.0
13.6,64.7,83.1,67.0
4.8,64.7,83.1,67.0
14.5,64.7,83.1,67.0
17.3,64.7,83.1,67.0
15.2,64.7,83.1,67.0
9.6,64.7,83.1,67.0
15.9,64.7,83.1,67.0
18.5,64.7,83.1,67.0
16.2,64.7,83.1,67.0
15.9,64.7,83.1,67.0
14.8,64.7,83.1,67.0
18.5,64.7,83.1,67.0
17.1,64.7,83.1,67.0
20.0,64.7,83.1,67.0
6.6,64.7,83.1,67.0
9.6,64.7,83.1,67.0
11.1,64.7,83.1,67.0
2.4,64.7,83.1,67.0
8.5,64.7,83.1,67.0
3.8,64.7,83.1,67.0
11.8,64.7,83.1,67.0
2.6,64.7,83.1,67.0
9.3,64.7,83.1,67.0
14.5,64.7,83.1,67.0
17.7,64.7,83.1,67.0
17.1,64.7,82.5,67.0
11.1,64.7,82.5,67.0
14.8,64.7,82.5,67.0
14.8,64.7,82.5,67.0
18.5,64.7,82.5,67.0
15.7,64.7,82.5,67.0
17.3,64.7,82.5,67.0
15.2,64.7,82.5,67.0
15.7,64.7,82.5,67.0
16.7,64.7,82.5,67.0
15.8,64.7,82.5,67.0
16.5,64.7,82.5,67.0
19.0,64.7,82.5,67.0
16.5,64.7,82.5,67.0
15.0,64.7,82.5,67.0
11.3,64.6,82.5,67.0
13.7,64.6,82.5,67.0
15.9,64.6,82.5,67.0
10.1,64.6,82.5,67.0
3.6,64.7,82.5,67.0
4.9,64.7,82.5,67.0
11.1,64.7,82.5,67.0
3.7,64.7,82.5,67.0
7.4,64.7,82.5,67.0
6.1,64.7,82.5,67.0
4.8,64.7,82.5,67.0
5.2,64.7,82.5,67.0
6.2,64.6,82.5,67.0
12.9,64.6,82.5,67.0
35.1,64.6,82.5,67.0
36.1,64.6,82.6,67.0
30.9,64.6,82.6,67.0
15.5,64.6,82.6,67.0
18.5,64.6,82.7,67.0
21.2,64.6,83.0,67.0
11.1,64.5,83.3,67.0
16.3,64.5,84.5,67.0
25.9,64.5,85.7,67.0
14.6,64.5,85.8,67.0
14.6,64.5,85.8,67.0
15.0,64.5,86.1,67.0
15.4,64.5,86.1,67.0
17.6,63.5,86.1,67.0
17.3,63.4,86.1,67.0
19.5,63.4,86.1,67.0
20.0,63.4,86.1,67.0
14.1,63.4,86.1,67.0
16.9,63.4,86.1,67.0
16.0,63.4,86.1,67.0
13.4,63.4,86.1,67.0
9.6,63.4,86.1,67.0
4.9,63.4,86.1,67.0
6.3,63.4,86.1,67.0
4.9,63.4,86.1,67.0
5.8,63.4,86.1,67.0
7.2,63.4,86.1,67.0
8.6,63.4,86.1,67.0
3.8,63.5,86.1,67.0
7.1,63.5,86.1,67.0
5.0,63.5,86.1,67.0
6.2,63.4,86.1,67.0
9.5,63.4,86.1,67.0
2.5,63.4,86.1,67.0
15.5,63.4,86.1,67.0
5.0,63.4,86.1,67.0
3.6,63.4,86.1,67.0
6.0,63.4,86.1,67.0
15.7,63.4,86.1,67.0
15.7,63.4,86.1,67.0
14.8,63.4,86.1,67.0
5.1,63.4,86.1,67.0
13.1,63.4,86.1,67.0
17.3,63.4,86.1,67.0
16.9,63.4,86.1,67.0
17.1,63.4,86.1,67.0
18.5,63.4,86.1,67.0
17.4,63.4,86.1,67.0
12.7,63.4,86.1,67.0
20.5,63.4,86.1,67.0
15.7,63.4,86.1,67.0
11.3,63.4,86.1,67.0
19.3,63.5,86.1,67.0
15.3,63.5,86.1,67.0
18.1,63.5,86.1,67.0
19.0,63.5,86.1,67.0
17.5,63.5,86.1,67.0
15.5,63.5,86.1,67.0
6.1,63.5,86.1,67.0
7.2,63.5,86.1,67.0
13.3,63.5,86.1,67.0
6.2,63.5,86.1,67.0
9.3,63.5,86.1,67.0
3.7,63.5,86.1,67.0
6.2,63.5,86.1,67.0
4.9,63.5,86.1,67.0
6.1,63.5,86.1,67.0
7.4,63.5,86.1,67.0
7.6,63.5,86.1,67.0
17.1,63.5,86.1,67.0
14.3,63.5,86.1,67.0
16.0,63.5,86.1,67.0
12.0,63.5,86.1,67.0
15.7,63.5,86.1,67.0
17.1,63.5,86.1,67.0
14.8,63.5,86.1,67.0
16.7,63.5,86.1,67.0
14.8,63.5,86.1,67.0
14.5,63.5,86.1,67.0
16.5,63.5,86.1,67.0
17.9,63.5,86.1,67.0
15.9,63.5,86.1,67.0
20.2,63.5,86.1,67.0
8.6,63.5,86.1,67.0
5.1,63.5,86.1,67.0
11.4,63.5,86.1,67.0
19.5,63.4,86.1,67.0
14.6,63.4,86.1,67.0
18.5,63.5,86.1,67.0
16.9,63.5,86.1,67.0
6.8,63.5,86.1,67.0
7.6,63.5,86.1,67.0
4.9,63.5,86.1,67.0
6.0,63.5,86.1,67.0
5.0,63.5,86.1,67.0
8.5,63.5,86.1,67.0
10.0,63.5,86.1,67.0
19.0,63.5,86.1,67.0
13.9,63.5,86.1,67.0
13.8,63.5,86.1,67.0
13.2,63.5,86.1,67.0
12.5,63.4,86.1,67.0
14.8,63.4,86.1,67.0
17.9,63.4,86.1,67.0
16.7,63.4,86.1,67.0
18.5,63.4,86.1,67.0
15.9,63.4,86.1,67.0
16.0,63.4,86.1,67.0
17.3,63.4,86.1,67.0
17.1,63.4,86.1,67.0
18.7,63.4,86.1,67.0
15.0,63.4,86.1,67.0
19.5,63.4,86.1,67.0
17.9,63.4,86.1,67.0
12.8,63.4,86.1,67.0
11.9,63.4,86.1,67.0
7.4,63.5,86.1,67.0
5.0,63.6,86.1,67.0
3.7,63.6,86.1,67.0
9.6,63.6,86.1,67.0
5.9,63.6,86.1,67.0
8.7,63.6,86.1,67.0
6.0,63.6,86.1,67.0
4.8,63.6,86.1,67.0
7.4,63.6,86.1,67.0
9.0,63.6,86.1,67.0
17.1,63.6,86.1,67.0
16.3,63.6,86.1,67.0
16.8,63.6,86.1,67.0
16.7,63.6,86.1,67.0
15.0,63.6,86.1,67.0
16.0,63.6,86.1,67.0
19.5,63.6,86.1,67.0
12.4,63.6,86.1,67.0
6.0,63.6,86.1,67.0
16.4,63.6,86.1,67.0
8.5,63.6,86.1,67.0
6.2,63.6,86.1,67.0
9.5,63.6,86.1,67.0
6.3,63.6,86.1,67.0
4.9,63.6,86.1,67.0
9.9,63.6,86.1,67.0
6.2,63.6,86.1,67.0
3.8,63.6,86.1,67.0
7.2,63.6,86.1,67.0
6.3,63.6,86.1,67.0
6.0,63.6,86.1,67.0
2.5,63.6,86.1,67.0
8.4,63.6,86.1,67.0
8.5,63.6,86.1,67.0
5.1,63.6,86.1,67.0
27.5,63.6,86.1,67.0
32.1,63.7,86.1,67.0
27.5,63.7,86.1,67.0
21.8,63.7,86.1,67.0
18.5,63.7,86.1,67.0
29.8,63.7,86.1,67.0
28.6,63.7,86.1,67.0
22.0,63.7,86.1,67.0
25.6,63.7,86.1,67.0
35.6,63.7,86.1,67.0
27.8,63.7,86.1,67.0
15.2,63.6,86.1,67.0
16.7,63.6,86.1,67.0
17.6,63.6,86.1,67.0
20.2,63.6,86.1,67.0
12.5,63.6,86.1,67.0
7.3,63.6,86.1,67.0
17.7,63.6,86.1,67.0
14.8,63.6,86.1,67.0
15.1,63.6,86.1,67.0
9.9,64.2,86.1,67.0
12.0,64.2,86.1,67.0
6.2,64.2,86.1,67.0
3.8,64.2,86.1,67.0
10.7,64.2,86.1,67.0
3.8,64.2,86.1,67.0
7.1,64.2,86.1,67.0
9.9,64.2,86.1,67.0
6.0,64.2,86.1,67.0
10.7,64.2,85.6,67.0
18.5,64.3,85.6,67.0
19.8,64.3,85.6,67.0
19.0,64.3,85.6,67.0
12.5,64.3,85.6,67.0
16.5,64.3,85.6,67.0
18.3,64.3,85.6,67.0
15.9,64.3,85.6,67.0
16.9,64.3,85.6,67.0
11.5,64.3,85.6,67.0
17.5,64.3,85.6,67.0
14.8,64.3,85.6,67.0
17.1,64.3,85.6,67.0
17.3,64.3,85.6,67.0
16.0,64.3,85.6,67.0
19.5,64.3,85.6,67.0
17.1,64.3,85.6,67.0
16.5,64.3,85.6,67.0
21.4,64.3,85.6,67.0
18.3,64.3,85.6,67.0
16.2,64.3,85.6,67.0
19.0,64.3,85.6,67.0
11.1,64.3,85.6,67.0
5.2,64.3,85.6,67.0
7.3,64.3,85.6,67.0
6.2,64.3,85.6,67.0
6.6,64.3,85.6,67.0
6.2,64.3,85.6,67.0
8.4,64.3,85.6,67.0
4.8,64.3,85.6,67.0
7.3,64.3,85.6,67.0
3.8,64.3,85.6,67.0
8.5,64.3,85.6,67.0
8.5,64.3,85.6,67.0
10.3,64.3,85.6,67.0
18.7,64.3,85.6,67.0
14.6,64.3,85.6,67.0
7.3,64.3,85.6,67.0
10.8,64.3,85.6,67.0
15.9,64.3,85.6,67.0
15.2,64.3,85.6,67.0
14.6,64.3,85.6,67.0
18.7,64.3,85.6,67.0
22.0,64.3,85.6,67.0
17.7,64.3,85.6,67.0
18.8,64.3,85.6,67.0
18.3,64.3,85.6,67.0
17.3,64.3,85.6,67.0
18.1,64.3,85.6,67.0
16.0,64.3,85.6,67.0
15.9,64.3,85.6,67.0
13.8,64.2,85.6,67.0
21.7,64.2,85.6,67.0
19.3,64.2,85.6,67.0
17.1,64.2,85.6,67.0
15.8,64.2,85.6,67.0
19.9,64.2,85.6,67.0
13.7,64.2,85.6,67.0
11.3,64.2,85.6,67.0
11.1,64.3,85.6,67.0
10.0,64.3,85.6,67.0
6.2,64.3,85.6,67.0
3.8,64.3,85.6,67.0
10.8,64.3,85.6,67.0
13.3,64.3,85.6,67.0
23.5,64.3,85.6,67.0
14.5,64.3,85.6,67.0
15.0,64.3,85.6,67.0
18.4,64.3,85.6,67.0
19.2,64.3,85.6,67.0
17.4,64.3,85.6,67.0
14.3,64.2,85.6,67.0
19.3,64.2,85.6,67.0
16.0,64.2,85.6,67.0
20.7,64.2,85.6,67.0
18.1,64.2,85.6,67.0
13.8,64.2,85.6,67.0
18.5,64.2,85.6,67.0
16.3,64.2,85.6,67.0
15.0,64.2,85.6,67.0
11.4,64.2,85.6,67.0
6.3,64.3,85.6,67.0
6.3,64.3,85.6,67.0
11.0,64.3,85.6,67.0
9.6,64.3,85.6,67.0
17.7,64.3,85.6,67.0
6.0,64.3,85.6,67.0
5.1,64.3,85.6,67.0
6.0,64.3,85.6,67.0
12.0,64.3,85.6,67.0
13.9,64.3,85.6,67.0
17.7,64.3,85.6,67.0
13.9,64.2,85.6,67.0
13.3,64.2,85.6,67.0
7.2,64.2,85.6,67.0
14.8,64.2,85.6,67.0
17.1,64.2,85.6,67.0
16.3,64.2,85.6,67.0
17.0,64.2,85.6,67.0
16.2,64.2,85.6,67.0
15.7,64.2,85.6,67.0
18.5,64.2,85.6,67.0
12.0,64.2,85.6,67.0
8.7,64.2,85.6,67.0
6.0,64.2,85.6,67.0
7.3,64.2,85.6,67.0
8.5,64.2,85.6,67.0
8.5,64.2,85.6,67.0
8.5,64.2,85.6,67.0
9.9,64.2,85.6,67.0
11.3,64.2,85.6,67.0
8.4,64.2,85.6,67.0
3.8,64.2,85.6,67.0
5.2,64.2,85.6,67.0
6.2,64.2,85.6,67.0
7.3,64.2,85.6,67.0
2.6,64.2,85.6,67.0
9.5,64.2,85.6,67.0
7.0,64.2,85.6,67.0
8.7,64.2,85.6,67.0
8.5,64.2,85.6,67.0
13.8,64.2,85.6,67.0
16.1,64.2,85.6,67.0
7.5,64.2,85.6,67.0
16.2,64.2,85.6,67.0
17.8,64.2,85.6,67.0
17.3,64.0,85.6,67.0
18.5,64.0,85.6,67.0
18.8,64.0,85.6,67.0
4.9,64.0,85.6,67.0
7.5,64.0,85.6,67.0
15.9,64.0,85.6,67.0
17.3,64.0,85.6,67.0
10.2,64.0,85.6,67.0
20.7,64.0,85.6,67.0
19.5,64.0,85.6,67.0
17.9,64.0,85.6,67.0
24.4,64.0,85.6,67.0
18.8,64.0,85.6,67.0
12.5,64.0,85.6,67.0
20.5,64.0,85.6,67.0
9.8,64.0,85.6,67.0
7.6,64.0,85.6,67.0
4.8,64.0,85.6,67.0
7.3,63.9,85.6,67.0
4.9,63.9,85.6,67.0
3.7,63.9,85.6,67.0
5.7,63.9,85.6,67.0
7.4,63.9,85.6,67.0
3.7,63.9,85.6,67.0
11.4,63.9,85.6,67.0
5.1,63.8,85.6,67.0
17.4,63.8,85.6,67.0
13.9,63.8,85.6,67.0
19.5,63.8,85.6,67.0
15.6,63.8,85.6,67.0
17.1,63.8,85.6,67.0
15.9,63.8,85.6,67.0
15.2,63.8,85.6,67.0
15.2,63.8,85.6,67.0
17.4,63.8,85.6,67.0
15.9,63.8,85.6,67.0
17.3,63.8,85.6,67.0
21.7,63.8,85.6,67.0
18.3,63.8,85.6,67.0
10.8,63.8,85.6,67.0
16.7,63.7,85.6,67.0
16.0,63.7,85.6,67.0
17.1,63.7,85.6,67.0
9.8,63.7,85.6,67.0
12.2,63.7,85.6,67.0
10.0,63.7,85.6,67.0
7.2,63.7,85.6,67.0
6.5,63.7,85.6,67.0
6.2,63.8,85.6,67.0
3.7,63.8,85.6,67.0
6.9,63.8,85.6,67.0
8.6,63.7,85.6,67.0
4.9,63.7,85.6,67.0
3.8,63.7,85.6,67.0
15.3,63.7,85.6,67.0
16.0,63.8,85.6,67.0
12.5,63.8,85.6,67.0
19.0,63.8,85.6,67.0
17.0,63.8,85.6,67.0
22.0,63.8,85.6,67.0
17.1,63.7,85.6,67.0
17.7,63.8,85.6,67.0
19.8,63.8,85.6,67.0
14.6,63.8,85.6,67.0
15.0,63.8,85.6,67.0
11.1,63.8,85.6,67.0
7.5,63.8,85.6,67.0
4.9,63.8,85.6,67.0
7.2,63.8,85.6,67.0
6.2,63.8,85.6,67.0
5.1,63.8,85.6,67.0
11.0,63.8,85.6,67.0
6.2,63.8,85.6,67.0
7.5,63.8,85.6,67.0
8.5,63.8,85.6,67.0
7.2,63.8,85.6,67.0
17.9,63.8,85.6,67.0
8.5,63.8,85.6,67.0
9.6,63.8,85.6,67.0
7.4,63.8,85.6,67.0
13.1,63.8,85.6,67.0
20.3,64.0,85.6,67.0
24.0,64.1,85.6,67.0
11.2,64.0,85.6,67.0
17.1,64.1,85.6,67.0
18.1,64.1,85.6,67.0
17.7,64.1,85.6,67.0
18.1,64.1,85.6,67.0
17.3,64.1,85.6,67.0
22.0,64.1,85.6,67.0
17.3,64.1,85.6,67.0
15.2,64.1,85.6,67.0
16.9,64.1,85.6,67.0
14.8,64.1,85.6,67.0
21.7,64.1,85.6,67.0
16.7,64.1,85.6,67.0
15.2,64.1,85.6,67.0
20.5,64.1,85.6,67.0
17.3,64.1,85.6,67.0
16.0,64.1,85.6,67.0
21.5,64.1,85.6,67.0
10.6,64.1,85.6,67.0
9.8,64.1,85.6,67.0
8.7,64.1,85.6,67.0
8.4,64.1,85.6,67.0
6.2,64.1,85.6,67.0
7.3,64.1,85.6,67.0
5.9,64.1,85.6,67.0
7.2,64.1,85.6,67.0
11.1,64.1,85.6,67.0
12.0,64.1,85.6,67.0
11.3,64.1,85.6,67.0
7.3,64.1,85.6,67.0
14.1,64.1,85.6,67.0
20.5,64.1,85.6,67.0
13.4,64.1,85.6,67.0
11.1,64.1,85.6,67.0
18.5,64.1,85.6,67.0
16.0,64.1,85.6,67.0
19.3,64.1,85.6,67.0
16.3,64.1,85.6,67.0
18.6,64.1,85.6,67.0
17.1,64.1,85.6,67.0
19.3,64.1,85.6,67.0
15.2,64.1,85.6,67.0
15.0,64.1,85.6,67.0
9.8,64.1,85.6,67.0
15.1,64.1,85.6,67.0
7.7,64.1,85.1,67.0
6.2,64.1,85.1,67.0
11.0,64.1,85.1,67.0
5.1,64.1,85.1,67.0
6.1,64.1,85.1,67.0
7.4,64.1,85.1,67.0
5.1,64.1,85.1,67.0
7.2,64.1,85.1,67.0
6.2,64.1,85.1,67.0
4.8,64.1,85.1,67.0
10.8,64.1,85.1,67.0
3.7,64.1,85.1,67.0
7.7,64.1,85.1,67.0
8.0,64.1,85.1,67.0
15.2,64.1,85.1,67.0
17.6,64.1,85.1,67.0
19.3,64.1,85.1,67.0
16.0,64.1,85.1,67.0
17.1,64.1,85.1,67.0
20.7,64.1,85.1,67.0
13.3,64.1,85.1,67.0
19.0,64.1,85.1,67.0
14.8,64.1,85.1,67.0
15.0,64.1,85.1,67.0
17.1,64.1,85.1,67.0
8.6,64.1,85.1,67.0
2.6,64.1,85.1,67.0
12.2,64.1,85.1,67.0
6.7,64.1,85.1,67.0
11.0,64.1,85.1,67.0
2.5,64.1,85.1,67.0
8.5,64.1,85.1,67.0
8.6,64.5,85.1,67.0
7.2,64.5,85.1,67.0
2.6,64.5,85.1,67.0
9.5,64.5,85.1,67.0
15.5,64.5,85.1,67.0
16.9,64.5,85.1,67.0
17.1,64.5,85.1,67.0
12.5,64.5,85.1,67.0
19.3,64.5,85.1,67.0
17.9,64.5,85.1,67.0
16.1,64.5,85.1,67.0
18.7,64.4,85.1,67.0
5.0,64.4,85.1,67.0
6.0,64.4,85.1,67.0
12.8,64.4,85.1,67.0
13.9,64.4,85.1,67.0
16.5,64.4,85.1,67.0
17.9,64.4,85.1,67.0
13.9,64.4,85.1,67.0
17.1,64.4,85.1,67.0
16.3,64.4,85.1,67.0
8.2,64.4,85.1,67.0
2.5,64.5,85.1,67.0
9.6,64.4,85.1,67.0
4.8,64.5,85.1,67.0
5.0,64.5,85.1,67.0
8.5,64.5,85.1,67.0
3.7,64.5,85.1,67.0
5.8,64.5,85.1,67.0
5.1,64.4,85.1,67.0
6.0,64.4,85.1,67.0
10.8,64.4,85.1,67.0
14.6,64.4,85.1,67.0
16.0,64.4,85.1,67.0
5.0,64.3,85.1,67.0
11.4,64.3,85.1,67.0
17.5,64.3,85.1,67.0
14.8,64.3,85.1,67.0
16.7,64.3,85.1,67.0
16.7,64.3,85.1,67.0
15.0,64.3,85.1,67.0
16.0,64.3,85.1,67.0
15.0,64.3,85.1,67.0
16.3,64.3,85.1,67.0
17.3,64.3,85.1,67.0
14.8,64.3,85.1,67.0
17.1,64.3,85.1,67.0
17.5,64.3,85.1,67.0
19.8,64.3,85.1,67.0
6.2,64.3,85.1,67.0
3.7,64.3,85.1,67.0
10.8,64.3,85.1,67.0
16.2,64.3,85.1,67.0
17.3,64.3,85.1,67.0
17.9,64.2,85.1,67.0
12.5,64.2,85.1,67.0
16.3,64.2,85.1,67.0
17.4,64.2,85.1,67.0
19.5,64.2,85.1,67.0
15.0,64.2,85.1,67.0
6.2,64.2,85.1,67.0
8.8,64.2,85.1,67.0
9.6,64.2,85.1,67.0
7.4,64.7,85.1,67.0
5.1,64.7,85.1,67.0
8.5,64.7,85.1,67.0
4.9,64.7,85.1,67.0
8.5,64.7,85.1,67.0
3.8,64.7,85.1,67.0
8.4,64.7,85.1,67.0
6.0,64.7,85.1,67.0
6.8,64.7,85.1,67.0
2.6,64.5,85.1,67.0
14.1,64.5,85.1,67.0
14.3,64.5,85.1,67.0
17.7,64.5,85.1,67.0
16.2,64.5,85.1,67.0
11.3,64.5,85.1,67.0
8.5,64.5,85.1,67.0
13.6,64.5,85.1,67.0
15.7,64.5,85.1,67.0
16.2,64.5,85.1,67.0
16.9,64.5,85.1,67.0
15.2,64.5,85.1,67.0
42.2,65.1,84.6,67.0
29.8,65.2,84.0,67.0
38.4,65.3,84.0,67.0
24.1,65.3,84.0,67.0
22.0,65.3,84.0,67.0
31.1,65.3,84.0,67.0
9.3,65.8,84.0,67.0
6.2,65.8,84.0,67.0
11.1,65.8,84.0,67.0
8.4,65.8,84.0,67.0
3.8,65.8,84.0,67.0
2.5,65.8,84.0,67.0
4.9,65.8,84.0,67.0
6.2,65.8,84.0,67.0
8.6,65.8,84.0,67.0
7.5,65.8,84.0,67.0
5.0,66.0,84.0,67.0
6.1,66.0,84.0,67.0
11.1,65.3,84.0,67.0
7.2,65.3,84.0,67.0
3.7,65.3,84.0,67.0
6.1,65.3,84.0,67.0
8.0,65.3,84.0,67.0
3.8,65.3,84.0,67.0
10.6,65.3,84.0,67.0
15.4,65.3,84.0,67.0
16.7,65.3,84.0,67.0
11.5,65.3,84.0,67.0
16.3,65.3,84.0,67.0
31.2,65.3,84.0,67.0
19.5,65.3,84.0,67.0
17.3,65.3,84.0,67.0
16.3,65.4,84.0,67.0
20.0,65.4,84.0,67.0
15.7,65.4,84.0,67.0
22.6,65.4,84.0,67.0
16.0,65.4,84.0,67.0
14.8,65.4,84.0,67.0
19.0,65.4,84.0,67.0
14.8,65.3,84.0,67.0
18.3,65.3,84.0,67.0
10.2,65.3,84.0,67.0
9.8,65.3,84.0,67.0
12.7,65.3,84.0,67.0
6.3,65.3,84.0,67.0
11.0,65.3,84.0,67.0
6.1,65.3,84.0,67.0
7.3,65.3,84.0,67.0
6.3,65.3,84.0,67.0
6.1,65.3,84.0,67.0
6.2,65.3,84.0,67.0
6.3,65.3,84.0,67.0
16.5,65.3,84.0,67.0
16.2,65.3,84.0,67.0
16.7,65.3,84.0,67.0
19.8,65.3,84.0,67.0
21.0,65.3,84.0,67.0
16.0,65.3,84.0,67.0
17.1,65.3,84.0,67.0
16.9,65.3,84.0,67.0
16.9,65.3,84.0,67.0
20.0,65.3,84.0,67.0
13.0,65.3,84.0,67.0
18.1,65.1,84.0,67.0
18.2,65.1,84.0,67.0
19.5,65.1,84.0,67.0
15.9,65.1,84.0,67.0
8.4,65.1,84.0,67.0
7.4,65.1,84.0,67.0
7.5,65.1,84.0,67.0
6.1,65.1,84.0,67.0
3.8,65.1,84.0,67.0
6.1,65.1,84.0,67.0
14.6,65.1,84.0,67.0
16.0,65.1,84.0,67.0
14.1,65.1,84.0,67.0
15.3,65.1,84.0,67.0
3.7,65.1,84.0,67.0
9.4,65.1,84.0,67.0
10.1,65.1,84.0,67.0
14.3,65.1,84.0,67.0
15.0,65.1,84.0,67.0
13.6,65.1,84.0,67.0
17.7,65.1,84.0,67.0
16.2,65.1,84.0,67.0
11.5,65.1,84.0,67.0
15.9,65.1,84.0,67.0
16.0,65.1,84.0,67.0
19.5,65.1,84.0,67.0
17.9,65.1,84.0,67.0
23.0,65.1,84.0,67.0
15.1,65.1,84.0,67.0
8.6,65.1,84.0,67.0
5.0,65.1,84.0,67.0
4.9,65.1,84.0,67.0
5.8,65.1,84.0,67.0
8.1,65.1,84.0,67.0
9.5,65.1,84.0,67.0
6.5,65.1,84.0,67.0
4.9,65.1,84.0,67.0
8.6,65.1,84.0,67.0
15.9,65.1,84.0,67.0
22.1,65.1,84.0,67.0
17.1,65.1,84.0,67.0
16.3,65.1,84.0,67.0
18.5,65.1,84.0,67.0
17.9,65.1,84.0,67.0
16.0,65.1,84.0,67.0
16.9,65.1,84.0,67.0
19.5,65.1,84.0,67.0
16.0,65.1,84.0,67.0
14.6,65.1,84.0,67.0
6.4,65.1,84.0,67.0
19.3,64.9,84.0,67.0
13.7,64.9,84.0,67.0
18.6,64.9,84.0,67.0
18.6,64.7,84.0,67.0
15.9,64.7,84.0,67.0
14.3,64.7,84.0,67.0
11.1,64.7,84.0,67.0
3.7,64.7,84.0,67.0
11.6,64.7,84.0,67.0
3.6,64.7,84.0,67.0
7.0,64.7,84.0,67.0
4.9,64.7,84.0,67.0
10.0,64.7,84.0,67.0
13.2,64.7,84.0,67.0
20.2,64.6,84.0,67.0
16.9,64.6,84.0,67.0
14.1,64.6,84.0,67.0
16.9,64.6,84.0,67.0
13.7,64.6,84.0,67.0
18.1,64.6,84.0,67.0
11.7,64.6,84.0,67.0
17.3,64.5,84.0,67.0
14.5,64.5,84.0,67.0
15.9,64.5,84.0,67.0
18.6,64.5,84.0,67.0
16.7,64.5,84.0,67.0
15.0,64.5,84.0,67.0
13.9,64.5,84.0,67.0
16.3,64.5,84.0,67.0
13.8,64.5,84.0,67.0
17.1,64.5,84.0,67.0
9.8,64.5,84.0,67.0
9.8,64.5,84.0,67.0
15.9,64.5,84.0,67.0
19.5,64.5,84.0,67.0
11.1,64.5,84.0,67.0
15.5,64.5,84.0,67.0
19.0,64.5,84.0,67.0
14.8,64.5,84.0,67.0
7.6,64.5,84.0,67.0
4.9,64.5,84.0,67.0
8.6,64.5,84.0,67.0
15.1,64.5,84.0,67.0
5.2,64.5,84.0,67.0
4.8,64.1,84.0,67.0
2.5,64.1,84.0,67.0
7.1,64.1,84.0,67.0
18.8,64.1,84.0,67.0
23.2,64.2,84.0,67.0
41.7,64.2,84.0,67.0
42.6,64.7,84.7,67.0
56.8,66.8,84.8,67.0
50.6,66.7,84.9,67.0
43.4,67.0,85.5,67.0
39.8,67.1,85.6,67.0
12.0,67.1,85.6,67.0
20.5,67.1,86.1,67.0
17.3,66.9,86.1,67.0
32.1,66.9,86.1,67.0
24.4,66.9,86.1,67.0
28.7,66.9,86.1,67.0
30.6,66.9,86.1,67.0
26.6,66.9,86.1,67.0
21.7,66.9,86.1,67.0
44.6,66.9,86.1,67.0
31.3,66.9,86.1,67.0
10.1,66.9,86.1,67.0
9.8,66.8,86.1,67.0
6.1,66.6,86.1,67.0
7.1,66.5,86.1,67.0
5.1,66.5,86.1,67.0
7.3,66.5,86.1,67.0
6.9,66.5,86.1,67.0
2.5,66.4,86.1,67.0
7.2,66.4,86.1,67.0
6.8,66.4,86.1,67.0
13.7,66.2,86.1,67.0
20.7,66.2,86.1,67.0
16.3,66.2,86.1,67.0
13.7,66.2,86.1,67.0
11.2,66.2,86.1,67.0
15.0,66.2,86.1,67.0
18.4,66.2,86.1,67.0
13.9,66.2,86.1,67.0
16.5,66.2,86.1,67.0
15.2,66.2,86.1,67.0
23.6,66.2,86.1,67.0
13.2,66.2,86.1,67.0
20.2,66.2,86.1,67.0
17.1,66.2,86.1,67.0
17.6,66.2,86.1,67.0
5.8,66.2,86.1,67.0
4.9,66.2,86.1,67.0
8.6,66.2,86.1,67.0
5.0,66.2,86.1,67.0
7.4,66.2,86.1,67.0
6.0,66.2,86.1,67.0
6.0,66.2,86.1,67.0
6.2,66.2,86.1,67.0
6.2,66.2,86.1,67.0
9.9,66.2,86.1,67.0
13.6,66.2,86.1,67.0
17.9,66.2,86.1,67.0
18.5,66.2,86.1,67.0
19.0,66.2,86.1,67.0
14.8,66.2,86.1,67.0
15.5,66.2,86.1,67.0
25.0,65.2,86.1,67.0
13.1,65.2,86.1,67.0
6.4,65.2,86.1,67.0
19.3,65.2,86.1,67.0
12.5,65.2,86.1,67.0
15.9,65.2,86.1,67.0
15.2,65.2,86.1,67.0
22.9,65.2,86.1,67.0
12.7,65.2,86.1,67.0
15.0,65.2,86.1,67.0
17.6,65.2,86.1,67.0
16.0,65.2,86.1,67.0
15.0,65.2,86.1,67.0
18.1,65.2,86.1,67.0
10.5,65.2,86.1,67.0
3.7,65.0,86.1,67.0
6.3,65.0,86.1,67.0
12.3,65.0,86.1,67.0
7.5,65.0,86.1,67.0
3.7,65.0,86.1,67.0
6.1,65.0,86.1,67.0
9.6,65.0,86.1,67.0
17.3,65.3,86.1,67.0
30.1,65.4,86.1,67.0
14.3,65.4,86.1,67.0
14.3,65.4,86.1,67.0
15.0,65.4,86.1,67.0
33.7,65.4,85.6,67.0
53.7,65.4,85.6,67.0
31.6,65.4,85.6,67.0
8.6,65.4,85.6,67.0
12.5,66.7,85.6,67.0
16.7,66.7,85.6,67.0
18.3,66.7,85.6,67.0
22.0,66.7,85.6,67.0
18.7,66.7,85.6,67.0
23.5,66.7,85.6,67.0
21.0,66.7,85.6,67.0
28.9,66.7,85.6,67.0
41.0,66.7,85.6,67.0
23.5,66.7,85.6,67.0
22.5,66.7,85.6,67.0
18.5,66.7,85.6,67.0
18.3,66.7,85.6,67.0
24.7,66.7,85.6,67.0
18.5,66.7,85.6,67.0
27.5,66.7,85.6,67.0
30.4,67.4,85.6,67.0
30.5,67.4,85.6,67.0
45.9,67.5,85.6,67.0
66.2,67.5,85.6,67.0
62.2,67.5,85.6,67.0
58.0,67.5,85.6,67.0
27.8,67.5,85.6,67.0
14.5,67.5,85.6,67.0
7.1,67.4,85.6,67.0
6.1,67.4,85.6,67.0
6.0,67.4,85.6,67.0
10.8,67.4,85.6,67.0
19.8,67.4,85.6,67.0
12.0,67.4,85.6,67.0
8.2,67.4,85.6,67.0
7.4,67.4,85.6,67.0
10.6,67.3,85.6,67.0
10.7,67.3,85.6,67.0
16.9,67.3,85.6,67.0
18.3,67.3,85.6,67.0
23.7,67.3,85.6,67.0
28.8,67.3,85.6,67.0
25.3,67.3,85.6,67.0
17.3,67.3,85.6,67.0
17.3,67.3,85.6,67.0
9.9,67.3,85.6,67.0
15.0,67.3,85.6,67.0
20.7,67.3,85.6,67.0
33.7,67.2,85.6,67.0
13.3,67.2,85.6,67.0
15.8,67.2,85.6,67.0
20.7,67.2,85.6,67.0
20.5,67.2,85.6,67.0
36.3,67.1,85.6,67.0
26.8,67.1,85.6,67.0
11.8,67.1,85.6,67.0
7.6,66.9,85.6,67.0
9.3,66.9,85.6,67.0
6.2,66.9,85.6,67.0
38.1,66.9,85.6,67.0
6.0,66.9,85.6,67.0
8.5,67.2,85.6,67.0
8.4,67.1,85.6,67.0
7.2,67.1,85.6,67.0
6.3,67.1,85.6,67.0
3.7,67.1,85.6,67.0
5.9,67.1,85.6,67.0
3.8,67.1,85.6,67.0
14.6,67.1,85.6,67.0
15.6,66.6,85.6,67.0
15.1,66.6,85.6,67.0
19.3,66.6,85.6,67.0
13.7,66.6,85.6,67.0
26.2,66.6,85.6,67.0
14.8,66.6,85.6,67.0
16.9,66.6,85.6,67.0
16.3,66.6,85.6,67.0
19.0,66.6,85.6,67.0
14.1,66.6,85.6,67.0
16.9,66.6,85.6,67.0
24.1,66.6,85.6,67.0
15.7,66.5,85.6,67.0
16.0,66.6,85.6,67.0
13.5,66.5,85.6,67.0
18.8,65.8,85.6,67.0
22.0,65.8,85.6,67.0
18.3,65.8,85.6,67.0
20.5,65.8,85.6,67.0
18.5,65.8,85.6,67.0
14.7,65.8,85.6,67.0
13.3,65.7,85.6,67.0
6.5,65.7,85.6,67.0
7.2,65.0,85.6,67.0
7.3,65.0,85.6,67.0
2.5,65.0,85.6,67.0
9.8,65.0,85.6,67.0
8.6,65.0,85.6,67.0
6.2,65.0,85.6,67.0
15.4,65.0,85.6,67.0
17.5,64.6,85.6,67.0
16.1,64.6,85.6,67.0
17.5,64.7,85.6,67.0
19.8,64.7,85.6,67.0
13.6,64.7,85.6,67.0
18.5,64.7,85.6,67.0
21.7,64.7,85.6,67.0
12.7,64.7,85.6,67.0
17.1,64.7,85.6,67.0
8.6,64.7,85.6,67.0
12.7,64.7,85.6,67.0
18.1,64.7,85.6,67.0
14.8,64.7,85.6,67.0
7.4,64.7,85.6,67.0
14.8,64.7,85.6,67.0
15.2,64.7,85.6,67.0
16.7,64.7,85.6,67.0
13.7,64.7,85.6,67.0
8.5,64.7,85.6,67.0
10.8,64.7,85.6,67.0
6.2,64.7,85.6,67.0
7.2,64.7,85.6,67.0
7.2,64.7,85.6,67.0
7.9,64.7,85.6,67.0
6.2,64.7,85.6,67.0
7.2,64.7,85.6,67.0
6.3,64.7,85.6,67.0
9.8,64.7,85.6,67.0
6.0,64.7,85.6,67.0
38.5,64.7,85.6,67.0
22.9,64.7,85.6,67.0
17.3,64.7,85.6,67.0
18.0,64.7,85.6,67.0
16.0,64.7,85.6,67.0
15.0,64.7,85.6,67.0
16.5,64.7,85.6,67.0
19.8,64.7,85.6,67.0
8.8,64.7,85.6,67.0
7.5,64.7,85.6,67.0
4.9,64.7,85.6,67.0
21.9,64.7,85.6,67.0
12.3,64.7,85.6,67.0
19.3,64.7,85.6,67.0
14.6,64.7,85.6,67.0
18.5,64.7,85.6,67.0
17.5,64.7,85.6,67.0
16.9,64.7,85.6,67.0
16.5,64.7,85.6,67.0
21.4,64.7,85.6,67.0
22.0,64.7,85.6,67.0
20.5,64.7,85.6,67.0
12.8,64.7,85.6,67.0
17.5,64.7,85.6,67.0
18.3,64.7,85.6,67.0
9.5,64.7,85.6,67.0
7.8,64.7,85.6,67.0
11.1,64.7,85.6,67.0
10.0,64.6,85.6,67.0
18.8,64.6,85.6,67.0
13.6,64.6,85.6,67.0
11.3,64.6,85.6,67.0
8.8,64.6,85.6,67.0
9.3,64.6,85.6,67.0
9.9,64.6,85.6,67.0
10.3,64.6,85.6,67.0
10.7,64.6,85.6,67.0
6.3,64.6,85.6,67.0
9.5,64.6,85.6,67.0
7.7,64.6,85.6,67.0
26.1,64.6,85.6,67.0
13.3,64.5,85.6,67.0
17.7,64.5,85.6,67.0
20.5,64.5,85.6,67.0
19.2,64.5,85.6,67.0
18.1,64.5,85.6,67.0
17.9,64.5,85.6,67.0
20.5,64.5,85.6,67.0
17.3,64.5,85.6,67.0
17.1,64.5,85.6,67.0
19.0,64.5,85.6,67.0
15.1,64.5,85.6,67.0
20.0,64.5,85.6,67.0
24.1,64.5,85.6,67.0
18.3,64.5,85.6,67.0
16.0,64.5,85.6,67.0
17.3,64.5,85.6,67.0
14.5,64.5,85.6,67.0
18.3,64.5,85.6,67.0
16.5,64.5,85.6,67.0
6.2,64.5,85.6,67.0
2.6,64.5,85.6,67.0
6.2,64.5,85.6,67.0
10.8,64.5,85.6,67.0
14.1,64.4,85.6,67.0
6.1,64.4,85.6,67.0
10.8,64.4,85.6,67.0
7.6,64.4,85.6,67.0
8.6,64.4,85.6,67.0
8.9,64.4,85.6,67.0
31.5,64.4,85.6,67.0
73.2,65.0,85.6,67.0
57.0,65.0,85.6,67.0
58.6,65.0,85.6,67.0
31.6,65.0,85.6,67.0
50.0,65.0,85.6,67.0
31.6,65.0,85.6,67.0
16.5,65.0,85.6,67.0
21.4,65.0,85.6,67.0
16.0,65.0,85.6,67.0
10.5,65.0,85.6,67.0
16.2,65.0,85.6,67.0
19.5,65.0,85.6,67.0
29.1,65.0,85.6,67.0
37.0,65.0,85.6,67.0
32.9,65.0,85.6,67.0
32.9,65.3,85.6,67.0
21.0,65.3,85.6,67.0
25.6,65.4,85.6,67.0
21.4,65.4,85.6,67.0
18.8,65.4,85.6,67.0
17.9,65.4,85.6,67.0
27.4,65.4,85.6,67.0
18.1,65.4,85.6,67.0
15.0,65.4,85.6,67.0
8.8,65.4,85.6,67.0
17.1,65.4,85.6,67.0
16.9,65.4,85.6,67.0
12.0,65.4,85.6,67.0
13.6,65.4,85.6,67.0
14.8,65.4,85.6,67.0
14.6,65.4,85.6,67.0
8.6,65.4,85.6,67.0
9.6,65.4,85.6,67.0
30.0,65.5,85.6,67.0
22.9,65.5,85.6,67.0
25.0,65.5,85.6,66.9
24.1,65.2,85.6,66.9
16.5,65.2,85.6,66.9
26.5,65.2,85.6,66.9
21.4,65.2,85.6,66.9
18.5,65.2,85.6,66.9
24.4,65.2,85.6,66.9
22.8,65.2,85.6,66.9
9.8,65.2,85.6,66.9
18.1,65.2,85.6,66.9
16.5,65.2,85.6,66.9
17.1,65.2,85.6,66.9
21.0,65.2,85.6,66.9
14.6,65.2,85.6,66.9
16.9,65.2,85.6,66.9
18.1,65.2,85.6,66.9
22.2,65.2,85.6,66.9
31.4,65.2,85.6,66.9
19.5,65.2,85.1,66.9
34.1,65.2,84.5,66.9
21.0,65.2,84.5,66.9
8.9,65.5,84.5,66.9
13.4,65.6,84.5,66.9
14.8,65.6,84.5,66.9
13.9,65.6,84.5,66.9
15.9,65.6,84.0,66.9
15.0,65.6,84.0,66.9
13.7,65.6,84.0,66.9
43.4,65.6,84.0,66.9
36.3,65.6,84.0,66.9
32.5,65.6,84.0,66.9
18.7,65.6,84.0,66.9
32.1,65.6,84.0,66.9
20.7,65.6,83.5,66.9
21.4,65.6,83.5,66.9
16.9,65.6,83.5,66.9
17.1,65.6,83.5,66.9
19.2,65.6,83.5,66.9
16.0,65.6,83.5,66.9
12.9,65.6,83.5,66.9
6.5,65.6,83.5,66.9
20.4,65.6,83.5,66.9
32.9,65.7,83.5,66.9
26.2,65.7,83.5,66.9
26.2,65.7,83.5,66.9
25.0,65.7,83.5,66.9
20.8,65.7,83.5,66.9
24.4,65.7,83.5,66.9
7.4,65.7,83.5,66.9
11.0,65.7,83.5,66.9
28.6,65.7,83.5,66.9
13.6,65.8,83.5,66.9
8.5,65.8,83.5,66.9
14.5,65.8,83.5,66.9
6.2,65.8,83.5,66.9
6.1,65.8,83.5,66.9
36.1,65.8,83.5,66.9
38.0,65.8,83.5,66.9
37.2,65.8,83.5,66.9
37.0,65.8,83.5,66.9
40.7,65.8,83.5,66.9
43.2,65.7,83.5,66.9
22.6,65.7,83.5,66.9
32.5,65.7,83.5,67.0
37.7,65.7,83.5,67.0
42.5,65.7,83.5,67.0
37.0,65.7,83.5,67.0
41.0,65.7,83.5,67.0
48.8,65.7,83.5,67.0
40.2,65.7,83.5,67.0
52.4,65.7,83.5,67.0
51.8,65.9,83.5,67.0
55.1,65.9,83.5,67.0
56.1,65.9,83.5,67.0
47.6,65.9,83.6,67.0
43.2,65.9,83.6,67.0
64.0,65.9,83.6,67.0
39.7,65.9,83.6,67.0
43.6,65.9,83.6,67.0
37.8,65.9,83.6,67.0
43.0,65.9,83.6,67.0
66.3,65.9,83.6,67.0
50.0,66.0,83.6,67.0
67.1,66.0,84.4,67.0
46.3,66.0,84.4,67.0
44.7,66.0,84.4,67.0
44.4,66.0,84.4,67.0
46.9,65.8,84.4,67.0
54.3,65.8,84.4,67.0
67.1,65.8,84.4,67.0
44.6,65.8,84.4,67.0
30.0,65.8,84.4,67.0
23.8,65.8,84.4,67.0
15.7,65.8,84.4,67.0
20.2,65.9,84.4,67.0
17.1,65.9,84.4,67.0
18.1,65.9,84.4,67.0
11.1,65.9,84.4,67.0
7.5,65.8,84.4,67.0
16.8,65.7,84.4,67.0
13.6,65.5,84.4,67.0
20.5,65.4,84.4,67.0
25.6,65.4,84.4,67.0
24.4,65.4,84.4,67.0
15.8,65.4,84.4,67.0
7.8,65.4,84.4,67.0
9.6,65.4,84.4,67.0
16.5,65.4,84.4,67.0
19.8,65.3,84.4,67.0
22.6,65.1,84.4,67.0
18.1,64.7,84.4,67.0
10.1,64.7,84.4,67.0
7.4,64.7,84.4,67.0
3.7,64.7,84.4,67.0
8.5,64.7,84.4,67.0
8.6,64.7,84.4,67.0
10.0,64.7,84.4,67.0
4.9,64.7,84.4,67.0
11.0,64.7,84.4,67.0
8.6,64.7,84.4,67.0
6.0,64.7,84.4,67.0
7.5,64.7,84.4,67.0
4.9,64.6,84.4,67.0
6.2,64.6,84.4,67.0
8.3,64.6,84.4,67.0
2.5,64.6,84.4,67.0
10.5,64.6,84.4,67.0
6.0,64.6,84.4,67.0
4.9,64.5,84.4,67.0
10.6,64.5,84.4,67.0
12.2,64.5,84.4,67.0
16.6,64.5,84.4,67.0
15.4,64.5,84.4,67.0
16.0,64.5,84.4,67.0
25.6,64.5,84.4,67.0
29.9,64.6,84.4,67.0
14.8,64.6,84.4,67.0
17.9,64.6,84.4,67.0
23.2,64.6,84.4,67.0
18.2,64.6,84.4,67.0
13.3,64.5,84.4,67.0
12.5,64.5,84.4,67.0
17.9,64.5,84.4,67.0
21.0,64.5,84.4,67.0
6.3,64.5,84.4,67.0
17.1,64.5,84.4,67.0
15.9,64.5,84.4,67.0
7.3,64.6,84.4,67.0
4.8,64.6,84.4,67.0
7.4,64.6,84.4,67.0
10.7,64.6,84.4,67.0
6.0,64.6,84.4,67.0
4.8,64.6,84.4,67.0
6.1,64.6,84.4,67.0
6.3,64.5,84.4,67.0
8.3,64.5,84.4,67.0
6.3,64.5,84.4,67.0
7.3,64.5,84.4,67.0
6.1,64.5,84.4,67.0
2.4,64.5,84.4,67.0
13.2,64.5,84.4,67.0
9.9,64.9,84.4,67.0
17.1,64.9,84.4,67.0
15.2,64.9,84.4,67.0
16.9,64.9,84.4,67.0
17.6,64.9,84.4,67.0
18.1,64.9,84.4,67.0
27.5,64.9,84.4,67.0
17.3,64.9,84.4,67.0
17.9,64.9,84.4,67.0
16.7,64.9,84.4,67.0
18.3,65.0,84.4,67.0
18.1,65.0,84.4,67.0
24.7,65.0,84.4,67.0
17.3,65.0,84.4,67.0
16.8,65.0,84.4,67.0
20.0,65.0,84.4,67.0
16.7,65.0,84.4,67.0
11.7,65.0,84.4,66.9
12.7,65.0,84.4,66.9
16.0,65.0,84.4,66.9
12.0,65.0,84.4,66.9
9.9,65.0,84.4,66.9
11.0,65.0,84.4,66.9
8.5,65.0,84.4,66.9
5.1,65.0,84.4,66.9
7.5,65.0,84.4,66.9
5.0,65.0,84.4,66.9
4.8,65.0,84.4,66.9
9.5,65.0,84.4,66.9
5.1,65.0,84.4,66.9
7.4,65.0,84.4,66.9
6.5,65.0,84.4,66.9
3.7,65.0,84.4,66.9
6.2,65.0,84.4,66.9
14.5,65.0,84.4,66.9
17.3,65.0,84.4,66.9
16.9,65.0,84.4,66.9
15.9,65.0,84.4,66.9
15.9,65.0,84.4,66.9
16.3,65.0,84.4,66.9
18.1,65.0,84.4,66.9
15.0,65.0,84.4,66.9
15.7,65.0,84.4,66.9
17.1,65.0,84.4,66.9
11.0,65.0,84.4,66.9
20.4,65.0,84.4,66.9
12.7,65.0,84.4,66.9
20.5,65.0,84.4,66.9
17.5,65.0,84.4,66.9
15.9,65.0,84.4,66.9
17.5,65.0,84.4,66.9
13.8,65.0,84.4,66.9
16.5,65.0,84.4,66.9
10.9,65.0,84.4,66.9
8.4,64.9,84.4,66.9
5.2,64.9,84.4,66.9
7.2,64.9,84.4,66.9
6.0,64.9,84.4,66.9
3.7,64.9,84.4,66.9
7.4,64.9,84.4,66.9
8.6,64.8,84.4,66.9
14.3,64.8,84.4,66.9
11.7,64.8,84.4,66.9
17.1,64.8,84.4,66.9
11.2,64.8,83.9,66.9
19.3,64.8,82.8,66.9
25.6,65.5,82.8,66.9
17.9,65.5,83.1,66.9
15.4,65.4,83.1,66.9
15.0,65.4,83.1,66.9
19.0,65.4,83.1,66.9
12.8,65.4,83.1,66.9
17.1,65.4,83.1,66.9
18.8,65.4,83.1,66.9
18.5,65.4,83.1,66.9
16.0,65.4,83.1,66.9
19.5,65.4,83.1,66.9
12.7,65.4,83.1,66.9
18.5,65.4,83.1,66.9
15.3,65.4,83.1,66.9
14.6,65.5,83.1,66.9
9.6,65.5,83.1,66.9
11.0,65.5,83.1,66.9
13.6,65.5,83.1,66.9
16.7,65.5,83.1,66.9
12.0,65.5,83.1,66.9
10.5,65.5,83.1,66.9
6.3,65.5,83.1,66.9
9.1,65.5,83.1,66.9
9.5,65.5,83.1,66.9
16.1,65.5,84.6,66.9
27.7,65.0,84.6,66.9
18.8,65.0,84.6,66.9
16.0,65.0,84.6,66.9
19.5,65.0,84.6,66.9
16.0,65.0,84.6,66.9
14.5,65.0,84.6,66.9
10.3,65.0,84.6,66.9
16.5,64.9,84.6,66.9
17.4,64.9,84.6,66.9
14.9,64.9,84.6,66.9
22.0,65.5,84.6,66.9
17.1,65.5,84.6,66.9
14.5,65.5,84.6,66.9
16.0,65.5,84.6,66.9
20.5,65.5,84.6,66.9
7.1,65.5,84.6,66.9
7.3,65.5,84.6,66.9
6.4,65.5,84.6,66.9
4.9,65.6,84.6,66.9
3.7,65.5,84.6,66.9
9.5,65.5,84.6,66.9
7.4,65.5,84.6,66.9
8.1,65.5,84.6,66.9
19.0,65.4,84.6,66.9
11.8,65.4,84.6,66.9
6.1,65.4,84.6,66.9
16.9,65.4,84.6,66.9
22.8,65.4,84.6,66.9
21.4,65.4,84.6,66.9
30.4,65.4,84.6,66.9
14.8,65.4,84.6,66.9
16.7,65.4,84.6,66.9
16.8,65.4,84.6,66.9
8.9,65.5,84.6,66.9
15.9,65.5,84.6,66.9
15.2,65.5,84.6,66.9
15.5,65.5,84.6,66.9
8.4,65.5,84.6,66.9
6.2,65.5,84.6,66.9
3.8,65.5,84.6,66.9
7.2,65.5,84.6,66.9
6.3,65.5,84.6,66.9
10.8,65.5,84.6,66.9
8.6,65.5,84.6,66.9
10.8,65.5,84.6,66.9
12.3,65.5,84.6,66.9
7.5,65.5,84.6,66.9
11.0,65.5,84.6,66.9
12.9,65.5,84.6,66.9
11.2,65.5,84.6,66.9
19.0,65.4,84.6,66.9
20.3,65.4,84.6,66.9
4.9,65.4,84.6,66.9
9.2,65.4,84.6,66.9
18.4,65.4,84.6,66.9
15.9,65.4,84.6,66.9
16.2,65.4,84.6,66.9
16.5,65.4,84.6,66.9
18.5,65.4,84.6,66.9
17.1,65.4,84.6,66.9
18.2,65.4,84.6,66.9
17.1,65.3,84.6,66.9
21.7,65.3,84.6,66.9
12.3,65.3,84.6,66.9
17.3,65.3,84.6,66.9
11.6,65.3,84.6,66.9
6.3,65.2,84.6,66.9
6.0,65.2,84.6,66.9
6.3,65.2,84.6,66.9
10.8,65.2,84.6,66.9
2.5,65.2,84.6,66.9
5.0,65.2,84.6,66.9
6.6,65.2,84.6,66.9
8.3,65.1,84.6,66.9
7.7,65.1,84.6,66.9
6.2,65.1,84.6,66.9
5.8,65.1,84.6,66.9
6.1,65.1,84.6,66.9
3.7,65.1,84.6,66.9
7.4,65.1,84.6,66.9
15.2,65.1,84.6,66.9
19.3,65.1,84.6,66.9
18.5,65.1,84.6,66.9
20.7,65.1,84.6,66.9
21.2,65.2,84.6,66.9
18.1,65.3,84.6,66.9
19.0,65.3,84.6,66.9
30.9,65.4,84.6,66.9
18.8,65.4,84.6,66.9
22.2,65.4,84.6,66.9
19.3,65.4,84.6,66.9
19.8,65.3,84.6,66.9
19.8,65.3,84.6,66.9
19.5,65.3,84.6,66.9
35.8,65.6,83.5,66.9
22.5,65.6,83.0,66.9
30.6,65.6,83.0,66.9
12.5,65.6,83.0,66.9
7.4,65.6,83.0,66.9
4.8,65.7,83.0,66.9
6.1,65.7,83.0,66.9
9.8,65.7,83.0,66.9
7.6,65.7,83.0,66.9
7.3,65.7,83.0,66.9
16.5,65.7,83.0,66.9
8.4,65.7,83.0,66.9
9.8,65.7,83.0,66.9
6.1,65.7,83.0,66.9
9.6,65.7,83.0,66.9
7.8,65.7,83.0,67.0
15.0,65.4,83.0,67.0
26.5,65.4,83.0,67.0
12.5,65.4,83.0,67.0
15.8,65.4,83.0,67.0
15.9,65.4,83.0,67.0
14.8,65.3,83.0,67.0
20.5,65.3,83.0,67.0
18.1,65.3,83.0,67.0
18.3,65.2,83.0,67.0
18.8,65.2,82.5,67.0
18.5,65.2,82.5,67.0
18.7,65.2,82.5,67.0
8.9,65.2,82.5,67.0
14.1,65.0,82.5,67.0
18.8,65.0,82.5,67.0
14.5,65.0,82.5,67.0
13.6,65.0,82.5,67.0
17.1,65.0,82.5,67.0
14.0,65.0,82.5,67.0
11.1,65.0,82.5,67.0
12.8,65.0,82.5,67.0
8.8,65.0,82.5,67.0
10.0,65.0,82.5,67.0
11.9,65.0,82.5,67.0
11.9,65.0,82.5,67.0
7.2,65.0,82.5,67.0
6.2,65.0,82.5,67.0
7.3,65.0,82.5,67.0
7.2,65.0,82.5,67.0
8.4,65.0,82.5,67.0
11.1,65.0,82.5,67.0
21.7,65.0,82.5,67.0
19.3,65.0,82.5,67.0
17.5,65.0,82.5,67.0
12.3,65.0,82.5,67.0
9.9,65.0,82.5,67.0
17.5,65.0,82.5,67.0
26.8,65.0,82.5,67.0
19.0,65.0,82.5,67.0
16.5,65.0,82.5,67.0
28.0,65.0,82.5,67.0
34.5,65.0,82.5,67.0
35.8,65.0,82.5,67.0
35.8,65.0,82.5,67.0
22.4,65.0,82.5,67.0
15.0,65.1,82.5,67.0
32.2,65.1,82.5,67.0
23.8,64.6,82.5,67.0
21.7,64.6,82.5,67.0
10.7,64.6,82.5,67.0
10.6,64.6,82.5,67.0
10.0,64.6,82.5,67.0
22.5,64.6,82.5,67.0
10.7,64.6,82.5,67.0
12.5,64.6,82.5,67.0
12.7,64.6,82.5,67.0
11.3,64.6,82.5,67.0
11.9,64.6,82.5,67.0
6.3,64.6,82.5,67.0
14.6,64.6,82.5,67.0
10.0,64.6,82.5,67.0
6.3,64.6,82.5,67.0
28.2,64.6,82.5,67.0
24.1,64.7,82.5,67.0
25.3,64.7,82.5,67.0
27.4,64.8,82.5,67.0
23.4,64.8,82.5,67.0
19.5,64.8,82.5,67.0
28.0,64.9,82.5,67.0
22.6,64.9,82.5,67.0
23.4,65.6,82.5,67.0
23.2,65.6,82.5,67.0
22.0,65.6,82.5,67.0
19.5,65.6,82.5,67.0
17.1,65.6,82.5,67.0
22.2,65.6,82.5,67.0
26.4,65.6,82.5,67.0
23.5,65.6,82.5,67.0
20.3,65.6,82.5,67.0
7.3,65.6,82.5,67.0
9.8,65.6,82.5,67.0
9.9,65.6,82.5,67.0
5.0,65.5,82.5,67.0
9.4,65.4,82.5,67.0
6.2,65.4,82.5,67.0
7.4,65.4,82.5,67.0
20.7,65.4,82.5,67.0
7.7,65.4,82.5,67.0
5.0,65.4,82.5,67.0
14.8,65.4,82.5,67.0
17.7,65.4,82.5,67.0
12.2,65.4,82.5,67.0
9.5,65.4,82.5,67.0
7.5,65.4,82.5,67.0
7.4,65.4,82.5,67.0
4.8,65.4,82.5,67.0
22.0,65.4,82.5,67.0
24.7,65.5,82.5,67.0
35.7,65.5,82.5,67.0
19.8,65.5,82.5,67.0
35.7,65.5,82.5,67.0
25.6,65.5,82.5,67.0
23.8,65.5,82.5,67.0
32.9,65.5,82.5,67.0
26.9,65.5,82.5,67.0
46.8,65.5,82.5,67.0
39.3,65.5,82.5,67.0
46.3,65.5,82.5,67.0
34.2,65.5,82.5,67.0
39.2,65.5,82.5,67.0
43.0,65.5,82.5,67.0
38.0,65.3,82.5,67.0
47.6,65.4,82.5,67.0
42.4,65.4,82.5,67.0
37.2,65.4,82.5,67.0
36.3,65.4,82.5,67.0
22.4,65.4,82.5,67.0
30.1,65.4,82.5,67.0
51.3,65.4,82.5,67.0
52.9,65.4,82.5,67.0
21.3,65.4,82.5,67.0
13.3,65.4,82.5,67.0
25.6,65.4,82.5,67.0
21.8,65.4,82.5,67.0
22.6,65.6,82.5,67.0
19.8,65.6,82.5,67.0
12.8,65.6,82.5,67.0
24.2,65.6,82.5,67.0
32.9,65.6,82.5,67.0
41.5,65.4,82.5,67.0
42.9,65.6,82.5,67.0
32.9,65.6,82.5,67.0
10.1,65.6,82.5,67.0
33.3,65.6,82.5,67.0
33.3,65.6,82.5,67.0
29.2,65.6,82.5,67.0
28.2,65.7,82.5,67.0
25.9,65.7,82.5,67.0
23.2,65.7,82.5,67.0
28.6,65.7,82.5,67.0
27.7,65.7,82.5,67.0
26.8,65.7,82.5,67.0
30.6,65.7,82.5,67.0
35.0,65.7,82.5,67.0
26.0,65.7,82.5,67.0
18.3,65.7,82.5,67.0
18.3,65.6,82.5,67.0
24.4,65.6,82.5,67.0
21.4,65.6,82.5,67.0
22.6,65.6,82.5,67.0
25.6,65.6,82.5,67.0
19.8,65.6,82.5,67.0
16.7,65.6,82.5,67.0
9.9,65.6,82.5,67.0
11.6,65.6,82.5,67.0
13.1,65.7,82.5,67.0
9.0,65.7,82.5,67.0
8.6,65.6,82.5,67.0
16.9,65.6,82.5,67.0
5.1,65.6,82.5,67.0
25.0,65.6,82.5,67.0
42.0,65.6,82.5,67.0
66.3,65.6,82.5,67.0
19.0,65.6,82.6,67.0
22.2,66.3,82.7,67.0
23.2,66.3,82.7,67.0
19.3,66.2,82.8,67.0
31.2,66.2,82.8,67.0
31.3,66.2,82.8,67.0
27.6,66.2,82.8,67.0
29.4,66.2,82.8,67.0
40.5,66.2,82.8,67.0
36.3,66.2,82.8,67.0
24.7,66.2,82.8,67.0
31.6,66.2,82.8,67.0
32.5,66.2,82.8,67.0
30.4,66.2,82.9,67.0
24.4,66.2,82.9,67.0
21.3,66.2,82.9,67.0
26.2,66.2,82.9,67.0
25.8,66.2,83.0,67.0
30.4,66.0,83.2,67.0
38.4,66.0,86.2,67.0
30.5,64.8,86.3,67.0
20.4,64.8,87.1,67.0
10.7,64.5,87.1,67.0
18.7,64.5,87.1,67.0
17.6,64.6,87.1,67.0
16.5,64.6,87.1,67.0
32.4,64.6,87.1,67.0
20.3,64.5,87.1,67.0
11.7,64.5,87.1,67.0
18.6,64.6,87.1,67.0
16.5,64.6,87.1,67.0
18.6,64.6,87.1,67.0
8.4,64.6,87.1,67.0
15.0,64.6,87.1,67.0
15.7,64.6,87.1,67.0
16.9,64.6,87.1,67.0
19.6,64.6,87.1,67.0
18.8,64.6,87.1,67.0
22.9,64.6,87.1,67.0
16.9,64.6,87.1,67.0
12.2,64.6,87.1,67.0
8.2,64.6,87.1,67.0
8.6,64.6,87.1,67.0
8.5,64.6,87.1,67.0
8.5,64.6,87.1,67.0
9.6,64.6,87.1,67.0
2.5,64.6,87.1,67.0
6.0,64.6,87.1,67.0
6.4,64.6,87.1,67.0
5.5,64.6,87.1,67.0
14.3,64.5,87.1,67.0
7.6,64.5,87.1,67.0
10.7,64.5,87.1,67.0
12.7,64.5,87.1,67.0
17.1,64.5,87.1,67.0
15.4,64.5,87.1,67.0
18.2,64.5,87.1,67.0
7.6,64.5,87.1,67.0
16.0,64.5,87.1,67.0
15.2,64.5,87.1,67.0
12.0,64.5,87.1,67.0
16.9,64.5,87.1,67.0
15.0,64.5,87.1,67.0
17.0,64.5,87.1,67.0
18.3,64.5,87.1,67.0
16.2,64.5,87.1,67.0
17.1,64.5,87.1,67.0
6.2,64.5,87.1,67.0
7.2,64.5,87.1,67.0
15.5,64.5,87.1,67.0
15.4,64.5,87.1,67.0
17.6,64.5,87.1,67.0
7.1,64.5,87.1,67.0
9.9,64.5,87.1,67.0
6.2,64.5,87.1,67.0
5.1,64.5,87.1,67.0
8.3,64.5,87.1,67.0
7.5,64.5,87.1,67.0
6.1,64.5,87.1,67.0
6.2,64.5,87.1,67.0
11.9,64.4,87.1,67.0
6.2,64.4,87.1,67.0
7.6,64.4,87.1,67.0
15.7,64.4,87.1,66.9
14.6,64.4,87.1,66.9
13.9,64.4,87.1,66.9
8.7,64.4,87.1,66.9
15.3,64.4,87.1,66.9
5.6,64.4,87.1,66.9
6.2,64.4,87.1,66.9
7.4,64.3,87.1,66.9
20.5,64.3,87.1,66.9
17.1,64.3,87.1,66.9
7.1,64.3,87.1,66.9
14.2,64.3,87.1,66.9
15.0,64.3,87.1,66.9
17.3,64.3,87.1,66.9
16.5,64.3,87.1,66.9
15.0,64.3,87.1,66.9
16.3,64.3,87.1,66.9
12.4,64.3,87.1,66.9
8.4,64.3,87.1,66.9
5.0,64.3,87.1,66.9
6.3,64.2,87.1,66.9
6.3,64.1,87.1,66.9
6.2,64.1,87.1,66.9
8.8,64.1,87.1,66.9
5.0,64.1,87.1,66.9
6.4,64.1,87.1,66.9
7.5,64.1,87.1,66.9
6.4,64.1,87.1,66.9
31.8,64.1,87.1,66.9
38.1,64.1,87.1,66.9
18.3,64.1,87.1,66.9
27.5,64.1,87.1,66.9
18.3,64.1,87.1,66.9
6.3,64.1,87.1,66.9
13.1,64.1,87.1,66.9
15.4,64.1,87.1,66.9
15.9,64.1,87.1,66.9
17.7,64.1,87.1,66.9
30.9,64.1,87.1,66.9
8.4,64.1,87.1,66.9
6.1,64.1,87.1,66.9
16.5,64.1,87.1,66.9
16.0,64.1,87.1,66.9
18.1,64.1,87.1,66.9
15.7,64.1,87.1,66.9
48.2,64.1,87.1,66.9
64.2,64.1,87.1,66.9
28.6,64.1,87.1,66.9
16.3,64.1,87.1,66.9
17.7,64.1,87.1,66.9
14.6,64.1,87.1,66.9
12.5,64.0,87.1,66.9
19.8,64.0,87.1,66.9
14.6,64.0,87.1,66.9
14.1,64.0,87.1,66.9
10.7,64.0,87.1,66.9
13.7,64.0,86.6,66.9
14.6,64.0,86.6,66.9
17.6,64.0,86.6,66.9
18.2,64.0,86.6,66.9
20.0,64.0,86.6,66.9
21.4,64.0,86.6,66.9
6.4,64.0,86.6,66.9
7.1,64.0,86.6,66.9
14.8,64.0,86.6,66.9
18.5,64.0,86.6,66.9
8.4,63.9,86.6,66.9
16.0,63.9,86.6,66.9
21.2,63.9,86.6,66.9
22.5,63.9,86.6,66.9
24.1,63.9,86.6,66.9
21.3,63.9,86.6,66.9
28.4,63.9,86.6,66.9
21.3,63.9,86.6,66.9
24.7,63.9,86.6,66.9
25.6,63.9,86.6,66.9
22.9,63.8,86.6,66.9
22.0,63.8,86.6,66.9
17.7,63.8,86.6,66.9
18.5,63.8,86.6,66.9
14.0,63.8,86.1,66.9
15.4,63.8,86.1,66.9
15.9,63.8,86.1,66.9
15.9,63.8,86.1,66.9
16.0,63.8,86.1,66.9
11.1,63.8,86.1,66.9
5.1,63.8,86.1,66.9
6.8,63.8,86.1,66.9
4.9,63.7,86.1,66.9
6.1,63.7,86.1,66.9
6.6,63.7,86.1,66.9
16.7,63.6,86.1,66.9
16.0,63.6,86.1,66.9
15.4,63.6,86.1,66.9
7.3,63.7,86.1,66.9
15.9,63.6,86.1,66.9
22.8,63.6,86.1,66.9
26.8,63.6,86.1,66.9
12.2,63.6,86.1,66.9
20.0,63.6,86.1,66.9
22.0,63.6,86.1,66.9
14.8,63.6,86.1,66.9
19.0,63.6,86.1,66.9
18.3,63.6,86.1,66.9
16.0,63.6,86.1,66.9
19.0,63.6,86.1,66.9
19.8,63.6,86.1,66.9
15.9,63.6,86.1,66.9
5.0,63.6,86.1,66.9
8.5,63.6,86.1,66.9
7.3,63.6,86.1,66.9
5.8,63.6,86.1,66.9
6.2,63.6,86.1,66.9
6.1,63.6,86.1,66.9
9.5,63.6,86.1,66.9
6.2,63.6,86.1,66.9
3.8,63.6,86.1,66.9
8.6,63.6,86.1,66.9
3.7,63.6,86.1,66.9
5.0,63.6,86.1,66.9
6.4,63.6,86.1,66.9
6.2,63.6,86.1,66.9
15.7,63.6,86.1,66.9
15.2,63.6,86.1,66.9
20.5,63.6,86.1,66.9
14.3,63.6,86.1,66.9
19.0,63.6,86.1,66.9
19.8,63.6,86.1,66.9
15.0,63.6,86.1,66.9
18.1,63.6,86.1,66.9
14.8,63.6,86.1,66.9
16.7,63.6,86.1,66.9
4.9,63.6,86.1,66.9
9.8,63.6,86.1,66.9
16.3,63.6,86.1,66.9
20.7,63.6,86.1,66.9
15.5,63.6,86.1,66.9
8.9,63.6,86.1,66.9
19.3,63.6,86.1,66.9
16.3,63.6,86.1,66.9
19.3,63.6,86.1,66.9
14.8,63.6,86.1,66.9
15.0,63.6,86.1,66.9
18.8,63.6,86.1,66.9
15.2,63.6,86.1,66.9
15.9,63.6,86.1,66.9
10.7,63.6,86.1,66.9
2.5,63.6,86.1,66.9
7.5,63.6,86.1,66.9
6.1,63.6,86.1,66.9
5.0,63.6,86.1,66.9
4.9,63.6,86.1,66.9
6.2,63.6,86.1,66.9
7.1,63.6,86.1,66.9
3.7,63.6,86.1,66.9
7.3,63.6,86.1,66.9
3.8,63.6,86.1,66.9
9.0,63.6,86.1,66.9
5.2,63.6,86.1,66.9
7.1,63.6,86.1,66.9
5.1,63.6,86.1,66.9
4.9,63.6,86.1,66.9
14.6,63.6,86.1,66.9
13.9,63.6,86.1,66.9
16.7,63.6,86.1,66.9
17.3,63.6,86.1,66.9
12.5,63.6,86.1,66.9
18.3,63.6,86.1,66.9
16.5,63.6,86.1,66.9
14.3,63.6,86.1,66.9
16.8,63.6,86.1,66.9
15.0,63.6,86.1,66.9
21.5,63.6,86.1,66.9
18.5,63.6,86.1,66.9
19.3,63.6,86.1,66.9
18.4,63.6,86.1,66.9
15.6,63.6,86.1,66.9
18.0,63.6,86.1,66.9
7.5,63.6,86.1,66.9
13.6,63.7,86.1,66.9
9.8,63.7,86.1,66.9
17.9,63.7,86.1,66.9
15.2,63.7,86.1,66.9
9.6,63.7,86.1,66.9
21.0,63.7,86.1,66.9
12.5,63.7,86.1,66.9
15.9,63.7,86.1,66.9
8.2,63.7,86.1,66.9
8.7,63.7,86.1,66.9
6.0,63.7,86.1,66.9
3.7,63.7,86.1,66.9
6.1,63.7,86.1,66.9
3.8,63.7,86.1,66.9
6.2,63.7,86.1,66.9
5.1,63.6,86.1,66.9
8.5,63.6,86.1,66.9
6.2,63.6,86.1,66.9
7.1,63.6,86.1,66.9
5.9,63.6,86.1,66.9
7.3,63.6,86.1,66.9
9.8,63.6,86.1,66.9
15.0,63.6,86.1,66.9
17.5,63.6,86.1,66.9
14.6,63.6,86.1,66.9
15.9,63.6,86.1,66.9
14.8,63.6,86.1,66.9
18.5,63.6,86.1,66.9
17.5,63.6,86.1,66.9
11.3,63.6,86.1,66.9
15.2,63.5,86.1,66.9
15.6,63.5,86.1,66.9
15.5,63.5,86.1,66.9
11.7,63.5,86.1,66.9
17.3,63.5,86.1,66.9
18.5,63.5,86.1,66.9
16.4,63.5,86.1,66.9
18.3,63.6,86.1,66.9
17.3,63.6,86.1,66.9
14.8,63.6,86.1,66.9
9.8,63.6,86.1,66.9
6.2,63.6,86.1,66.9
4.9,63.6,86.1,66.9
3.8,63.6,86.1,66.9
4.8,63.6,86.1,66.9
6.1,63.6,86.1,66.9
8.8,63.6,86.1,66.9
8.2,63.6,86.1,66.9
3.7,63.6,86.1,66.9
6.2,63.6,86.1,66.9
6.2,63.6,86.1,66.9
7.3,63.5,86.1,66.9
6.1,63.5,86.1,66.9
6.2,63.5,86.1,66.9
8.1,63.5,86.1,66.9
32.1,63.5,86.1,66.9
24.4,63.5,86.1,66.9
14.8,63.5,86.1,66.9
16.2,63.5,86.1,66.9
19.3,63.5,86.1,66.9
16.9,63.5,86.1,66.9
15.7,63.5,86.1,66.9
15.5,63.5,86.1,66.9
16.0,63.5,86.1,66.9
22.0,63.5,86.1,66.9
19.5,64.0,86.1,66.9
16.0,64.0,86.1,66.9
18.1,64.0,86.1,66.9
8.5,64.0,86.1,66.9
6.2,64.0,86.1,66.9
12.4,64.0,86.1,66.9
12.2,64.0,86.1,66.9
19.0,64.0,86.1,66.9
12.5,64.0,86.1,66.9
20.7,64.0,86.1,66.9
16.0,64.0,86.1,66.9
18.6,64.0,86.1,66.9
9.4,64.0,86.1,66.9
7.5,64.0,86.1,66.9
9.1,64.0,86.1,66.9
10.8,64.0,86.1,66.9
9.9,64.0,86.1,66.9
19.8,64.0,86.1,66.9
6.5,64.0,86.1,66.9
8.1,64.0,86.1,66.9
14.1,64.0,86.1,66.9
15.2,64.0,86.1,66.9
16.0,64.0,86.1,66.9
18.2,64.0,86.1,66.9
27.5,64.0,86.1,66.9
22.9,64.0,86.1,66.9
18.2,64.1,86.1,66.9
22.1,64.1,86.1,66.9
39.2,64.2,86.1,66.9
65.1,64.2,86.1,66.9
45.3,64.2,86.1,66.9
9.0,64.2,86.1,66.9
14.6,64.2,86.1,66.9
24.1,64.2,86.1,66.9
20.0,64.2,86.1,66.9
16.5,64.2,86.1,66.9
15.0,64.3,86.1,66.9
8.3,64.3,86.1,66.9
2.6,64.3,86.1,66.9
10.8,64.3,86.1,66.9
16.5,64.3,86.1,66.9
7.1,64.3,86.1,66.9
11.1,64.3,86.1,66.9
14.3,64.3,86.1,66.9
16.0,64.3,86.1,66.9
17.9,64.3,86.1,66.9
15.7,64.3,86.1,66.9
20.7,64.3,86.1,66.9
17.5,64.3,86.1,66.9
17.1,64.3,86.1,66.9
15.0,64.3,86.1,66.9
16.2,64.3,86.1,66.9
16.5,64.3,86.1,66.9
18.8,64.3,86.1,66.9
15.0,64.3,86.1,66.9
17.2,64.3,86.1,66.9
13.4,64.3,86.1,66.9
14.6,64.3,86.1,66.9
15.0,64.3,86.1,66.9
8.6,64.1,86.1,66.9
7.2,64.1,86.1,66.9
6.4,64.1,86.1,66.9
6.1,64.1,86.1,66.9
8.5,64.1,86.1,66.9
3.8,64.1,86.1,66.9
6.3,64.1,86.1,66.9
1.3,64.1,86.1,66.9
8.3,64.1,86.1,66.9
3.8,64.1,86.1,66.9
9.6,64.1,86.1,66.9
7.3,64.1,86.1,66.9
5.9,64.1,86.1,66.9
6.0,64.1,86.1,66.9
2.5,64.1,86.1,66.9
7.3,64.1,86.1,66.9
5.1,64.1,86.1,66.9
7.3,64.1,86.1,66.9
11.8,64.1,86.1,66.9
15.7,64.1,86.1,66.9
16.0,64.1,86.1,66.9
16.2,64.1,86.1,66.9
19.5,64.1,86.1,66.9
21.0,64.1,86.1,66.9
26.7,64.1,86.1,66.9
21.0,64.1,86.1,66.9
19.4,64.1,86.1,66.9
6.2,64.2,86.1,66.9
9.3,64.2,86.1,66.9
2.5,64.2,86.1,66.9
8.6,64.2,86.1,66.9
7.3,64.2,86.1,66.9
9.5,64.2,86.1,66.9
5.2,64.2,86.1,66.9
9.9,64.2,86.1,66.9
9.8,64.2,86.1,66.9
7.3,64.2,86.1,66.9
3.6,64.2,86.1,66.9
6.1,64.2,86.1,66.9
5.1,64.2,86.1,66.9
5.8,64.2,86.1,66.9
6.2,64.2,86.1,66.9
9.4,64.2,86.1,66.9
4.9,64.2,86.1,66.9
4.9,64.2,86.1,66.9
6.0,64.2,86.1,66.9
20.0,64.2,86.1,66.9
16.7,64.2,86.1,66.9
13.0,64.2,86.1,66.9
16.0,64.2,86.1,66.9
16.3,64.2,86.1,66.9
12.2,64.2,86.1,66.9
18.9,64.2,86.1,66.9
14.8,64.2,86.1,66.9
21.3,64.2,86.1,66.9
26.4,64.2,86.1,66.9
19.8,64.2,86.1,66.9
23.4,64.2,86.1,66.9
21.4,64.2,86.1,66.9
13.1,64.2,86.1,66.9
24.7,64.3,86.1,66.9
20.0,64.3,86.1,66.9
23.2,64.3,86.1,66.9
29.5,64.3,86.1,66.9
17.1,64.3,86.1,66.9
19.3,64.3,86.1,66.9
15.9,64.3,86.1,66.9
6.2,64.3,86.1,66.9
9.8,64.3,86.1,66.9
14.3,64.3,86.1,66.9
12.2,64.3,86.1,66.9
6.3,64.3,86.1,66.9
7.4,64.3,86.1,66.9
12.3,64.3,86.1,66.9
29.6,64.3,86.1,66.9
15.7,64.3,86.1,66.9
9.8,64.3,86.1,66.9
9.9,64.2,86.1,66.9
16.2,64.2,86.1,66.9
5.1,64.2,86.1,66.9
9.5,64.2,86.1,66.9
12.5,64.2,86.1,66.9
29.5,64.2,86.1,66.9
29.3,64.2,86.1,66.9
22.0,64.2,86.1,66.9
17.3,64.2,86.1,66.9
24.1,64.2,86.1,66.9
34.9,64.2,86.1,66.9
26.2,64.2,86.1,66.9
25.9,64.1,86.1,66.9
11.8,64.1,86.1,66.9
17.1,64.1,86.1,66.9
16.5,64.1,86.1,66.9
18.2,64.1,86.1,66.9
20.3,64.1,86.1,66.9
15.9,64.1,86.1,66.9
14.5,64.1,86.1,66.9
18.1,64.1,86.1,66.9
19.8,64.1,86.1,66.9
12.5,64.1,86.1,66.9
8.5,64.1,86.1,66.9
9.8,64.1,86.1,66.9
7.4,64.1,86.1,66.9
5.1,64.1,86.1,66.9
8.4,64.1,86.1,66.9
8.1,64.1,86.1,66.9
3.8,64.1,86.1,66.9
8.6,64.1,86.1,66.9
26.5,64.1,86.1,66.9
8.5,64.1,86.1,66.9
11.0,64.1,86.1,66.9
9.8,64.1,86.1,66.9
13.4,64.1,86.1,66.9
7.1,64.1,86.1,66.9
6.5,64.1,86.1,66.9
12.8,64.1,86.1,66.9
19.4,64.1,86.1,66.9
18.3,64.1,86.1,66.9
23.7,64.1,86.1,66.9
21.0,64.1,86.1,66.9
20.3,64.0,86.1,66.9
7.2,64.0,86.1,66.9
6.3,64.0,86.1,66.9
21.7,64.0,86.1,66.9
18.9,64.0,86.1,66.9
20.3,64.0,86.1,66.9
15.5,64.0,86.1,66.9
16.7,64.0,86.1,66.9
17.5,64.0,86.1,66.9
7.2,64.0,86.1,66.9
9.6,64.0,86.1,66.9
9.5,64.0,86.1,66.9
19.5,64.0,86.1,66.9
16.5,64.0,86.1,66.9
34.5,64.0,86.1,66.9
17.3,64.0,86.1,66.9
13.0,64.0,86.1,66.9
12.5,64.0,86.1,66.9
11.3,64.0,86.1,66.9
14.1,64.0,86.1,66.9
21.4,64.0,86.1,66.9
22.0,64.0,86.1,66.9
17.9,64.0,86.1,66.9
14.5,64.0,86.1,66.9
13.3,64.0,86.1,66.9
21.3,64.0,86.1,66.9
18.5,64.0,86.1,66.9
22.6,64.0,86.1,66.9
12.0,64.0,86.1,66.9
22.0,64.0,86.1,66.9
21.0,64.0,86.1,66.9
29.3,64.0,86.1,66.9
29.4,64.0,86.1,66.9
19.5,64.0,86.1,66.9
22.4,64.0,86.1,66.9
52.4,64.1,86.1,66.9
24.1,64.1,86.1,66.9
22.5,64.1,86.1,66.9
20.9,64.1,86.1,66.9
7.5,64.1,86.1,66.9
20.4,64.1,86.1,66.9
71.6,64.2,86.1,66.9
53.8,64.3,86.1,66.9
60.0,64.4,86.1,66.9
34.6,64.4,86.1,66.9
37.8,64.4,86.1,66.9
52.3,64.4,86.1,66.9
37.3,64.8,86.1,66.9
43.6,64.7,86.1,66.9
29.1,64.7,86.1,67.0
7.2,64.8,86.1,67.0
12.5,64.7,86.1,67.0
31.0,64.7,86.1,67.0
65.4,64.7,86.1,67.0
51.2,64.7,86.1,67.0
30.3,64.7,86.2,67.0
19.0,64.6,86.2,67.0
17.9,64.6,86.2,67.0
17.1,64.6,86.2,67.0
17.9,64.6,86.2,67.0
17.3,64.6,86.2,67.0
16.5,64.6,86.2,67.0
15.9,64.6,86.2,67.0
15.4,64.6,86.2,67.0
11.1,64.6,86.2,67.0
7.6,64.6,86.2,67.0
19.8,64.6,86.2,67.0
8.5,64.6,86.2,67.0
2.6,64.6,86.2,67.0
7.0,64.6,86.2,67.0
3.7,64.6,86.2,67.0
12.2,64.6,86.2,67.0
6.1,64.6,86.2,67.0
14.5,64.6,86.2,67.0
12.0,64.6,86.2,67.0
6.8,64.6,86.2,67.0
5.0,64.6,86.2,67.0
14.3,64.6,86.2,67.0
16.2,64.5,86.2,67.0
22.2,64.1,86.2,67.0
18.5,64.1,86.2,67.0
17.9,64.2,86.2,67.0
17.6,64.2,86.2,67.0
13.5,64.2,86.2,67.0
23.2,64.1,86.2,67.0
14.5,64.2,86.2,67.0
19.8,64.1,86.2,67.0
14.6,64.1,86.2,67.0
18.3,64.1,86.2,67.0
19.7,64.1,86.2,67.0
15.5,64.1,86.2,67.0
9.8,64.1,86.2,67.0
11.1,64.1,86.2,67.0
3.6,64.1,86.2,67.0
6.2,64.1,86.2,67.0
6.3,64.1,85.6,67.0
7.4,64.1,85.6,67.0
5.4,64.1,85.6,67.0
12.0,64.1,85.6,67.0
6.2,64.1,85.6,67.0
7.4,64.1,85.6,67.0
7.3,64.1,85.6,67.0
2.5,64.1,85.6,67.0
11.0,64.1,85.6,67.0
6.2,64.1,85.6,67.0
18.1,64.1,85.6,67.0
16.3,64.1,85.6,67.0
18.1,64.1,85.6,67.0
15.0,64.1,85.6,67.0
12.2,64.1,85.6,67.0
6.2,64.1,85.6,67.0
15.2,64.1,85.6,67.0
15.0,64.1,85.6,67.0
22.1,64.1,85.6,67.0
16.3,64.1,85.6,67.0
15.7,64.1,85.6,67.0
15.0,64.1,85.6,67.0
17.9,64.1,85.6,67.0
18.3,64.1,85.6,67.0
16.0,64.1,85.6,67.0
18.8,64.1,85.6,67.0
15.0,64.1,85.6,67.0
16.0,64.0,85.6,67.0
17.6,64.0,85.6,67.0
16.0,64.0,85.6,67.0
7.2,64.0,85.6,67.0
8.5,64.0,85.6,67.0
16.3,64.0,85.6,67.0
18.1,64.0,85.6,67.0
12.7,64.0,85.6,67.0
18.8,64.0,85.6,67.0
16.0,64.0,85.6,67.0
17.5,64.0,85.6,67.0
6.3,64.0,85.6,67.0
6.5,64.0,85.6,67.0
7.3,64.0,85.6,67.0
4.9,64.0,85.6,67.0
5.8,64.0,85.6,67.0
5.0,64.0,85.6,67.0
8.4,64.0,85.6,67.0
2.6,64.0,85.6,67.0
6.2,64.0,85.6,67.0
14.1,64.0,85.6,67.0
16.7,64.0,85.6,67.0
17.1,64.0,85.6,67.0
15.2,64.0,85.6,67.0
16.7,64.0,85.6,67.0
22.5,64.0,85.6,67.0
15.7,64.1,85.6,67.0
15.2,64.1,85.6,67.0
15.0,64.1,85.6,67.0
19.3,64.1,85.6,67.0
18.5,64.1,85.6,67.0
15.7,64.1,85.6,67.0
16.0,64.1,85.6,67.0
11.7,64.1,85.6,67.0
8.4,64.1,85.6,67.0
6.3,64.1,85.6,67.0
5.0,64.1,85.6,67.0
6.0,64.1,85.6,67.0
8.2,64.1,85.6,67.0
6.6,64.1,85.6,67.0
8.7,64.1,85.6,67.0
9.8,64.1,85.6,67.0
5.1,64.1,85.6,67.0
6.0,64.1,85.6,67.0
8.8,64.1,85.6,67.0
8.6,64.1,85.6,67.0
12.9,64.1,85.6,67.0
15.6,64.1,85.6,67.0
16.5,64.1,85.6,67.0
17.3,64.1,85.6,67.0
13.6,64.1,85.6,67.0
18.5,64.1,85.6,67.0
13.9,64.1,85.6,67.0
17.4,64.1,85.6,67.0
9.5,64.1,85.6,67.0
13.4,64.1,85.6,67.0
15.2,64.1,85.6,67.0
14.5,64.0,85.6,67.0
20.7,64.0,85.6,67.0
17.1,64.0,85.6,67.0
16.7,64.0,85.6,67.0
19.0,64.0,85.6,67.0
15.5,64.0,85.6,67.0
17.3,64.0,85.6,67.0
18.6,64.0,85.6,67.0
7.6,64.0,85.6,67.0
5.8,64.0,85.6,67.0
5.1,64.0,85.6,67.0
6.2,64.0,85.6,67.0
4.9,64.0,85.6,67.0
6.0,64.0,85.6,67.0
5.5,64.0,85.6,67.0
3.6,64.0,85.6,67.0
9.5,64.0,85.6,67.0
1.3,64.0,85.6,67.0
12.2,64.0,85.6,67.0
6.2,64.0,85.6,67.0
9.0,64.0,85.6,67.0
12.3,64.0,85.6,67.0
14.8,64.0,85.6,67.0
16.3,64.0,85.6,67.0
16.8,64.2,85.6,67.0
16.2,64.4,85.6,67.0
19.3,64.4,85.6,67.0
15.7,64.4,85.6,67.0
17.2,64.4,85.6,67.0
3.8,64.4,85.6,67.0
8.4,64.4,85.6,67.0
6.2,64.4,85.6,67.0
15.9,64.4,85.6,67.0
17.7,64.4,85.6,67.0
16.0,64.4,85.6,67.0
13.3,64.8,85.6,67.0
7.4,64.7,85.6,67.0
4.9,64.7,85.6,67.0
14.5,64.7,85.6,67.0
10.1,64.7,85.6,67.0
15.2,64.7,85.6,67.0
19.0,64.7,85.6,67.0
6.1,64.7,85.6,67.0
11.8,64.7,85.6,67.0
4.9,64.7,85.6,67.0
2.5,64.9,85.6,67.0
10.8,64.9,85.6,67.0
7.9,64.9,85.6,67.0
16.9,64.9,85.6,67.0
15.2,64.9,85.6,67.0
15.7,64.9,85.6,67.0
18.3,64.9,85.6,67.0
16.5,64.9,85.6,67.0
16.3,64.9,85.6,67.0
16.6,64.9,85.6,67.0
17.1,65.0,85.6,67.0
17.5,65.0,85.6,67.0
15.7,65.0,85.6,67.0
17.8,65.0,85.6,67.0
16.3,64.9,85.6,67.0
18.8,64.9,85.6,67.0
3.7,64.9,85.6,67.0
10.6,64.9,85.6,67.0
7.1,64.9,85.6,67.0
7.6,64.9,85.6,67.0
8.1,64.9,85.6,67.0
7.5,64.9,85.6,67.0
8.3,64.9,85.6,67.0
3.8,64.9,85.6,67.0
9.4,64.9,85.6,67.0
4.3,64.9,85.6,67.0
6.0,64.9,85.6,67.0
6.2,64.9,85.6,67.0
8.4,64.9,85.6,67.0
3.9,64.9,85.6,67.0
10.3,64.9,85.6,67.0
5.1,64.9,85.6,67.0
4.8,64.9,85.6,67.0
11.1,64.9,85.6,67.0
11.8,64.9,85.6,67.0
15.0,65.0,85.6,67.0
14.5,65.0,85.6,67.0
16.5,65.0,85.6,67.0
18.5,65.0,85.6,67.0
17.9,65.0,85.6,67.0
16.0,64.9,85.6,67.0
16.5,64.9,85.6,67.0
17.5,64.9,85.6,67.0
15.4,64.9,85.6,67.0
16.7,64.9,85.6,67.0
15.0,64.9,85.6,67.0
19.0,64.9,85.6,67.0
13.4,64.9,85.6,67.0
8.0,64.9,85.6,67.0
6.2,64.9,85.6,67.0
10.8,64.9,85.6,67.0
7.1,64.9,85.6,67.0
10.1,64.9,85.6,67.0
6.1,64.9,85.6,67.0
8.1,64.9,85.6,67.0
9.6,64.8,85.6,67.0
6.3,64.8,85.6,67.0
9.6,64.8,85.6,67.0
7.4,64.8,85.6,67.0
9.4,64.8,85.6,67.0
5.0,64.8,85.6,67.0
13.0,64.8,85.6,67.0
13.9,64.9,85.6,67.0
12.3,64.9,85.6,67.0
10.7,64.9,85.6,67.0
3.9,64.9,85.6,67.0
18.5,64.9,85.6,67.0
14.7,64.9,85.6,67.0
21.2,64.9,85.6,67.0
20.5,64.9,85.6,67.0
17.3,64.9,85.6,67.0
15.9,64.9,85.6,67.0
16.5,64.9,85.6,67.0
13.4,64.9,85.6,67.0
10.7,64.9,85.6,67.0
16.2,64.9,85.6,67.0
28.4,64.9,85.6,67.0
27.4,64.9,85.6,67.0
19.5,64.9,85.6,67.0
26.9,64.9,85.6,67.0
31.3,64.9,85.6,67.0
41.2,64.9,85.6,67.0
30.4,64.9,85.6,67.0
28.2,64.9,85.6,67.0
23.8,64.9,85.6,67.0
8.8,64.9,85.1,67.0
6.2,64.9,85.1,67.0
7.6,64.8,85.1,67.0
4.7,64.8,85.1,67.0
7.5,64.8,85.1,67.0
7.3,64.8,85.1,67.0
5.1,64.8,85.1,67.0
7.1,64.8,85.1,67.0
15.9,64.8,85.1,67.0
16.1,64.8,85.1,67.0
14.6,64.8,85.1,67.0
15.2,64.8,85.1,67.0
17.1,64.8,85.1,67.0
19.5,64.8,85.1,67.0
13.7,64.8,85.1,67.0
16.7,64.8,85.1,67.0
26.3,64.8,85.1,67.0
22.0,64.8,85.1,67.0
29.6,64.8,85.1,67.0
27.5,64.8,85.1,67.0
6.3,64.8,85.1,67.0
11.0,64.8,85.1,67.0
9.4,64.8,85.1,67.0
6.2,64.8,85.1,67.0
7.2,64.8,85.1,67.0
7.6,64.8,85.1,67.0
6.0,64.8,85.1,67.0
10.3,64.8,85.1,67.0
1.3,64.8,85.1,67.0
5.8,64.8,85.1,67.0
10.8,64.7,85.1,67.0
5.2,64.7,85.1,67.0
13.1,64.7,85.1,67.0
14.1,64.7,85.1,67.0
8.3,64.7,85.1,67.0
7.5,64.7,85.1,67.0
3.8,64.7,85.1,67.0
6.2,64.7,85.1,67.0
16.3,64.7,85.1,67.0
16.3,64.7,85.1,67.0
35.4,64.7,85.1,67.0
8.8,64.7,85.1,67.0
19.8,64.7,85.1,67.0
25.0,64.7,85.1,67.0
19.0,64.7,85.1,67.0
18.3,64.7,85.1,67.0
16.7,64.7,85.1,67.0
21.7,64.7,85.1,67.0
16.5,64.7,85.1,67.0
17.3,64.6,85.1,67.0
19.5,64.6,85.1,67.0
19.9,64.6,85.1,67.0
18.3,64.3,85.1,67.0
15.9,64.3,85.1,67.0
16.3,64.3,85.1,67.0
19.5,64.3,85.1,67.0
14.8,64.3,85.1,67.0
11.7,64.3,85.1,67.0
13.3,64.3,85.1,67.0
9.5,64.3,85.1,67.0
13.8,64.3,85.1,67.0
11.1,64.3,85.1,67.0
3.7,64.2,85.1,67.0
8.6,64.2,85.1,67.0
5.0,64.2,85.1,67.0
6.2,64.2,85.1,67.0
18.3,64.2,85.1,67.0
39.5,64.2,85.1,67.0
34.9,64.2,84.6,67.0
33.7,64.2,84.6,67.0
15.0,64.4,84.6,67.0
9.6,64.4,84.6,67.0
4.8,64.4,84.6,67.0
17.2,64.4,84.6,67.0
16.3,64.4,84.6,67.0
24.7,64.4,84.6,67.0
19.3,64.4,84.6,67.0
18.5,64.4,84.6,67.0
18.8,64.4,84.6,67.0
13.7,64.4,84.6,67.0
20.9,64.4,84.6,67.0
16.2,64.4,84.6,67.0
2.5,64.4,84.6,67.0
18.1,64.4,84.6,67.0
14.2,64.4,84.6,67.0
4.9,64.3,84.6,67.0
6.2,64.3,84.6,67.0
6.0,64.3,84.6,67.0
3.6,64.3,84.6,67.0
10.1,64.3,84.6,67.0
7.0,64.3,84.6,67.0
6.7,64.3,84.6,67.0
6.2,64.3,84.6,67.0
3.7,64.3,84.6,67.0
10.7,64.3,84.6,67.0
4.9,64.3,84.6,67.0
13.4,64.3,84.6,67.0
23.2,64.3,84.6,67.0
14.6,64.3,84.6,67.0
16.2,64.3,84.6,67.0
18.6,64.3,84.6,67.0
6.0,64.3,84.6,67.0
15.5,64.3,84.6,67.0
13.6,64.3,84.6,67.0
20.5,64.3,84.6,67.0
16.5,64.3,84.6,67.0
17.7,64.3,84.6,67.0
17.8,64.3,84.6,67.0
17.9,64.3,84.6,67.0
3.7,64.3,84.6,67.0
7.0,64.3,84.6,67.0
7.0,64.3,84.6,67.0
16.2,64.3,84.6,67.0
6.4,64.3,84.6,67.0
2.5,64.3,84.6,67.0
6.2,64.3,84.6,67.0
9.7,64.3,84.6,67.0
11.4,64.3,84.6,67.0
16.2,64.3,84.6,67.0
16.2,64.3,84.6,67.0
15.5,64.3,84.6,67.0
13.4,64.3,84.6,67.0
17.1,64.3,84.6,67.0
19.3,64.3,84.6,67.0
16.0,64.3,84.6,67.0
15.3,64.3,84.6,67.0
14.8,64.3,84.6,67.0
18.1,64.3,84.6,67.0
18.1,64.3,82.5,67.0
18.3,64.8,82.5,67.0
14.6,64.8,84.5,67.0
12.3,63.8,84.5,67.0
7.6,63.8,84.5,67.0
7.4,63.8,84.5,67.0
9.9,63.8,84.5,67.0
19.0,63.8,84.5,67.0
17.5,63.9,84.5,67.0
21.0,63.9,84.5,67.0
18.3,63.9,84.5,67.0
25.0,63.9,84.5,67.0
24.7,63.9,84.5,67.0
57.3,63.9,84.5,67.0
22.0,63.9,84.5,67.0
19.5,63.9,84.5,67.0
